Country Code,IMF Country Code,Country,Indicator Type,Series Name,19701,19702,19703,19704,19711,19712,19713,19714,19721,19722,19723,19724,19731,19732,19733,19734,19741,19742,19743,19744,19751,19752,19753,19754,19761,19762,19763,19764,19771,19772,19773,19774,19781,19782,19783,19784,19791,19792,19793,19794,19801,19802,19803,19804,19811,19812,19813,19814,19821,19822,19823,19824,19831,19832,19833,19834,19841,19842,19843,19844,19851,19852,19853,19854,19861,19862,19863,19864,19871,19872,19873,19874,19881,19882,19883,19884,19891,19892,19893,19894,19901,19902,19903,19904,19911,19912,19913,19914,19921,19922,19923,19924,19931,19932,19933,19934,19941,19942,19943,19944,19951,19952,19953,19954,19961,19962,19963,19964,19971,19972,19973,19974,19981,19982,19983,19984,19991,19992,19993,19994,20001,20002,20003,20004,20011,20012,20013,20014,20021,20022,20023,20024,20031,20032,20033,20034,20041,20042,20043,20044,20051,20052,20053,20054,20061,20062,20063,20064,20071,20072,20073,20074,20081,20082,20083,20084,20091,20092,20093,20094,20101,20102,20103,20104,20111,20112,20113,20114,20121,20122,20123,20124,20131,20132,20133,20134,20141,20142,20143,20144,20151,20152,20153,20154,20161,20162,20163,20164,20171,20172,20173,20174,20181,20182,20183,20184,20191,20192,20193,20194,20201,20202,20203,20204,20211,20212,20213,20214,20221,20222,20223,20224,,,,,,,,,,,,,,,,,,,,,,,,,,,,,,,,,,,,,,,,,,,,,,,,,,,,,,,,,,,,,,,,,,,,,,,,,,,,,,,,,,,,,,,,,,,,,,,,,,,,,,,,,,,,,,,,,,,,,,,,,,,,,,,,,,,,,,,,,,,,,,,,,,,,,,,,,,,,,,,,,,,,,,,,,,,,,,,,,,,,,,,,,,,,,
ALB,914,Albania,index,GDP deflator,,,,,,,,,,,,,,,,,,,,,,,,,,,,,,,,,,,,,,,,,,,,,,,,,,,,,,,,,,,,,,,,,,,,,,,,,,,,,,,,,,,,,,,,,,,,,,,,,,,,,,,,,,,,,,,,,,,,,,,,,,,,,,,,,,,,,,,,,,,,,,,,,,,,,,,,,,,,,94.6,95.0,96.4,96.7,98.5,98.4,99.8,103.1,101.4,100.3,101.2,106.1,103.1,102.0,103.2,105.2,105.5,102.6,103.1,103.8,104.8,104.9,105.3,106.0,104.3,106.7,105.5,106.7,105.0,103.9,104.8,107.0,106.4,106.2,106.6,107.7,109.0,107.3,108.3,108.8,109.7,109.1,109.2,110.7,111.0,108.1,110.7,111.9,115.4,117.1,116.6,118.5,127.7,130.5,132.3,,,,,,,,,,,,,,,,,,,,,,,,,,,,,,,,,,,,,,,,,,,,,,,,,,,,,,,,,,,,,,,,,,,,,,,,,,,,,,,,,,,,,,,,,,,,,,,,,,,,,,,,,,,,,,,,,,,,,,,,,,,,,,,,,,,,,,,,,,,,,,,,,,,,,,,,,,,,,,,,,,,,,,,,,,,,,,,,,,,,,,,,,,,,,,
ARG,213,Argentina,index,GDP deflator,,,,,,,,,,,,,,,,,,,,,,,,,,,,,,,,,,,,,,,,,,,,,,,,,,,,,,,,,,,,,,,,,,,,,,,,,,,,,,,,,,,,,,,,,,,,,,,,,,,,,,,,,,,,,,,,,,,,,,,,,,,,,,,,,,,,,,,,,39.0,41.6,40.1,40.9,41.9,44.2,45.1,47.0,49.0,49.8,51.2,52.7,54.2,56.3,59.3,62.9,67.1,71.4,72.9,75.8,77.7,81.3,83.7,88.3,92.9,96.2,102.4,108.4,113.6,121.1,127.4,133.1,140.0,148.8,155.3,161.7,170.2,180.4,192.0,208.5,234.0,256.9,272.3,290.8,302.3,314.1,346.3,370.6,415.2,461.2,490.9,515.2,546.4,561.6,615.7,646.0,714.9,788.8,882.8,990.7,1069.4,1170.9,1294.3,1492.9,1605.3,1636.1,1769.4,2012.5,2310.3,2654.4,2742.6,3123.0,3548.2,4136.4,,,,,,,,,,,,,,,,,,,,,,,,,,,,,,,,,,,,,,,,,,,,,,,,,,,,,,,,,,,,,,,,,,,,,,,,,,,,,,,,,,,,,,,,,,,,,,,,,,,,,,,,,,,,,,,,,,,,,,,,,,,,,,,,,,,,,,,,,,,,,,,,,,,,,,,,,,,,,,,,,,,,,,,,,,,,,,,,,,,,,,,,,,,,,,,
AUS,193,Australia,index,GDP deflator,9.6,9.8,9.9,10.0,10.2,10.4,10.5,10.5,10.9,11.0,11.2,11.5,11.8,12.3,12.9,13.4,13.8,14.4,15.1,15.9,16.1,16.4,17.0,18.1,18.2,18.9,19.5,19.9,20.5,20.9,21.2,21.5,22.1,22.6,23.0,23.4,23.9,24.7,25.3,25.8,26.4,26.9,27.6,28.4,28.9,29.5,30.5,31.5,32.4,33.3,34.0,35.1,35.7,36.2,37.2,37.6,38.3,38.7,38.8,39.2,40.1,40.8,41.2,42.1,42.6,43.5,44.1,44.9,45.5,46.5,47.2,47.6,49.1,50.3,51.7,52.5,53.5,54.4,55.0,56.1,56.7,57.7,57.7,58.0,58.0,58.1,58.3,58.8,59.2,59.0,59.0,59.0,59.5,59.8,59.7,59.8,60.0,60.1,61.4,60.4,61.5,62.1,62.0,63.2,63.0,63.6,63.4,63.7,63.9,63.6,64.0,64.7,64.8,64.7,64.6,64.8,65.0,65.1,65.6,65.6,67.3,67.5,69.0,68.9,70.2,70.3,70.9,71.0,72.1,72.0,72.9,73.5,74.1,74.5,75.0,75.6,76.5,77.1,77.6,78.4,79.2,80.5,81.5,82.6,83.6,84.4,85.6,86.8,87.8,88.5,88.9,90.3,91.7,93.7,96.1,96.7,96.1,94.1,94.1,95.5,97.3,100.1,100.8,101.8,103.7,105.0,105.5,104.6,103.8,104.6,104.2,104.1,104.5,105.4,105.6,106.4,106.4,105.9,105.4,105.6,105.4,105.1,105.2,104.6,104.3,105.0,106.3,108.6,110.2,109.5,109.8,110.0,111.1,111.6,112.8,113.9,114.8,115.9,116.8,116.1,116.8,115.6,116.5,118.2,120.7,123.0,125.0,124.7,129.2,133.3,133.5,,,,,,,,,,,,,,,,,,,,,,,,,,,,,,,,,,,,,,,,,,,,,,,,,,,,,,,,,,,,,,,,,,,,,,,,,,,,,,,,,,,,,,,,,,,,,,,,,,,,,,,,,,,,,,,,,,,,,,,,,,,,,,,,,,,,,,,,,,,,,,,,,,,,,,,,,,,,,,,,,,,,,,,,,,,,,,,,,,,,,,,,,,,,,,
AUT,122,Austria,index,GDP deflator,,,,,,,,,,,,,,,,,,,,,,,,,,,,,,,,,,,,,,,,,,,,,,,,,,,,,,,,,,,,,,,,,,,,,,,,,,,,,,,,,,,,,,,,,,,,,,,,,,,,,80.2,80.5,81.0,81.1,81.0,81.2,81.6,82.1,82.2,82.4,82.7,82.8,82.9,82.8,82.9,82.9,83.7,82.8,83.0,83.0,84.3,83.7,84.2,84.7,85.1,85.7,85.9,86.8,86.0,86.6,87.0,87.7,87.8,87.9,87.9,88.3,89.0,88.9,89.5,90.4,91.3,91.6,92.0,92.1,92.7,93.2,93.8,94.0,94.7,95.1,95.6,96.4,96.7,97.0,97.6,98.0,98.4,98.9,99.5,99.7,99.7,99.8,100.0,100.5,101.4,101.8,102.1,102.0,103.2,103.6,104.1,104.7,104.7,105.4,106.0,106.1,106.5,107.5,108.3,109.0,109.1,110.1,110.7,111.2,112.3,112.6,112.4,111.9,112.5,113.3,113.8,114.0,115.1,114.9,115.7,116.1,116.3,116.7,117.7,118.2,118.9,120.6,120.5,121.0,121.7,122.1,123.1,123.3,125.9,127.7,130.6,,,,,,,,,,,,,,,,,,,,,,,,,,,,,,,,,,,,,,,,,,,,,,,,,,,,,,,,,,,,,,,,,,,,,,,,,,,,,,,,,,,,,,,,,,,,,,,,,,,,,,,,,,,,,,,,,,,,,,,,,,,,,,,,,,,,,,,,,,,,,,,,,,,,,,,,,,,,,,,,,,,,,,,,,,,,,,,,,,,,,,,,,,,,,,
AZE,912,Azerbaijan,index,GDP deflator,,,,,,,,,,,,,,,,,,,,,,,,,,,,,,,,,,,,,,,,,,,,,,,,,,,,,,,,,,,,,,,,,,,,,,,,,,,,,,,,,,,,,,,,,,,,,,,,,,,,,,,,,,,,,,,,,,,,,,,,,,,,,72.8,75.0,70.0,69.4,77.4,73.1,73.4,75.1,83.0,84.3,77.3,76.4,87.9,92.2,81.5,88.5,100.4,100.0,99.6,100.1,104.6,107.9,116.2,113.8,136.4,142.4,122.0,139.0,195.1,197.2,159.1,148.3,142.0,151.2,133.7,134.4,187.0,185.2,138.3,140.7,214.2,210.9,165.3,208.9,253.4,223.8,181.6,177.7,246.8,221.2,186.0,183.2,245.9,236.9,185.9,164.0,209.8,218.0,166.2,159.5,241.9,240.9,191.3,187.9,293.3,276.0,218.4,217.9,326.8,303.8,242.0,252.9,328.9,308.7,234.2,253.0,320.5,265.3,225.4,226.8,342.9,328.5,265.7,308.6,499.8,484.7,380.2,,,,,,,,,,,,,,,,,,,,,,,,,,,,,,,,,,,,,,,,,,,,,,,,,,,,,,,,,,,,,,,,,,,,,,,,,,,,,,,,,,,,,,,,,,,,,,,,,,,,,,,,,,,,,,,,,,,,,,,,,,,,,,,,,,,,,,,,,,,,,,,,,,,,,,,,,,,,,,,,,,,,,,,,,,,,,,,,,,,,,,,,,,,,,,
BHR,419,Bahrain,index,GDP deflator,,,,,,,,,,,,,,,,,,,,,,,,,,,,,,,,,,,,,,,,,,,,,,,,,,,,,,,,,,,,,,,,,,,,,,,,,,,,,,,,,,,,,,,,,,,,,,,,,,,,,,,,,,,,,,,,,,,,,,,,,,,,,,,,,,,,,,,,,,,,,,,,,,,,,,,,,100.3,112.7,115.0,99.6,85.8,91.9,94.8,99.8,100.0,100.0,100.0,100.0,106.9,111.6,110.0,110.5,113.3,111.6,112.7,114.5,113.1,111.7,114.1,114.9,111.0,113.0,113.4,109.0,101.4,103.2,101.4,98.5,98.1,102.2,100.6,104.1,106.2,105.8,106.4,110.2,111.0,111.6,112.9,111.7,111.3,112.9,111.7,111.5,108.2,99.5,106.1,108.9,110.8,113.7,114.5,123.7,126.7,130.7,121.8,,,,,,,,,,,,,,,,,,,,,,,,,,,,,,,,,,,,,,,,,,,,,,,,,,,,,,,,,,,,,,,,,,,,,,,,,,,,,,,,,,,,,,,,,,,,,,,,,,,,,,,,,,,,,,,,,,,,,,,,,,,,,,,,,,,,,,,,,,,,,,,,,,,,,,,,,,,,,,,,,,,,,,,,,,,,,,,,,,,,,,,,,,,,,,
BLR,913,Belarus,index,GDP deflator,,,,,,,,,,,,,,,,,,,,,,,,,,,,,,,,,,,,,,,,,,,,,,,,,,,,,,,,,,,,,,,,,,,,,,,,,,,,,,,,,,,,,,,,,,,,,,,,,,,,,,,,,,,,,,,,,,,,,,,,,,,,,,,,,,,,,,,,,,,,,,,,,,,,,,,,,,,,,13.0,13.7,14.4,13.5,14.0,15.0,16.1,15.4,18.0,22.1,27.3,35.0,39.6,45.9,46.2,49.9,49.1,54.9,57.2,59.5,59.2,63.3,68.4,69.6,71.8,74.7,77.4,78.9,79.3,80.8,84.1,83.9,84.7,87.2,90.6,93.5,95.1,99.2,101.2,103.8,103.6,108.1,110.9,111.0,115.9,119.5,123.2,127.6,129.9,137.2,141.9,150.8,150.4,155.4,164.3,,,,,,,,,,,,,,,,,,,,,,,,,,,,,,,,,,,,,,,,,,,,,,,,,,,,,,,,,,,,,,,,,,,,,,,,,,,,,,,,,,,,,,,,,,,,,,,,,,,,,,,,,,,,,,,,,,,,,,,,,,,,,,,,,,,,,,,,,,,,,,,,,,,,,,,,,,,,,,,,,,,,,,,,,,,,,,,,,,,,,,,,,,,,,,
BEL,124,Belgium,index,GDP deflator,,,,,,,,,,,,,,,,,,,,,,,,,,,,,,,,,,,,,,,,,,,,,,,,,,,,,,,,,,,,,,,,,,,,,,,,,,,,,,,,,,,,,,,,,,,,,,,,,,,,,79.0,79.0,79.3,79.1,79.7,79.3,79.4,79.6,79.5,79.9,80.3,80.7,81.1,81.5,81.8,81.8,81.7,81.8,82.0,82.6,83.1,83.5,83.8,84.3,84.2,85.4,85.7,86.1,86.3,86.5,86.9,87.3,87.6,88.2,88.5,89.0,89.5,89.6,90.2,90.7,91.0,91.5,92.1,93.0,93.5,93.7,94.2,94.6,95.5,95.7,95.8,96.2,96.9,97.5,98.1,98.0,97.8,97.9,98.6,98.4,98.8,100.0,100.4,100.8,101.3,101.6,101.9,102.4,103.6,103.7,103.7,104.2,104.8,105.1,105.0,105.6,105.9,105.7,106.5,106.6,107.0,107.1,107.9,108.3,108.1,109.9,110.2,110.4,111.2,111.7,111.8,111.9,112.3,113.3,113.4,114.4,114.4,114.9,115.8,116.4,116.8,115.8,117.4,118.4,119.2,119.4,120.8,122.7,126.0,127.5,129.3,,,,,,,,,,,,,,,,,,,,,,,,,,,,,,,,,,,,,,,,,,,,,,,,,,,,,,,,,,,,,,,,,,,,,,,,,,,,,,,,,,,,,,,,,,,,,,,,,,,,,,,,,,,,,,,,,,,,,,,,,,,,,,,,,,,,,,,,,,,,,,,,,,,,,,,,,,,,,,,,,,,,,,,,,,,,,,,,,,,,,,,,,,,,,,
BOL,218,Bolivia,index,GDP deflator,,,,,,,,,,,,,,,,,,,,,,,,,,,,,,,,,,,,,,,,,,,,,,,,,,,,,,,,,,,,,,,,,,,,,,,,,,,,,,,,,99.2,95.6,102.4,102.7,118.7,111.1,118.7,122.4,131.7,127.1,134.6,139.4,143.0,132.5,145.4,147.4,153.4,139.2,157.8,162.7,172.4,155.6,177.2,178.1,195.9,174.7,195.8,196.5,207.9,184.4,205.3,209.1,225.9,199.3,221.3,217.3,231.9,204.3,224.0,224.1,242.8,210.7,243.0,234.6,254.3,219.5,243.6,231.5,257.3,225.1,251.0,242.2,275.1,238.8,269.6,254.4,299.2,258.5,285.8,276.7,305.5,268.0,308.8,303.6,346.4,311.8,353.7,335.6,375.3,333.6,376.1,361.9,414.9,395.7,426.6,359.7,413.4,375.9,380.2,389.5,423.8,407.2,422.9,438.3,495.3,466.1,494.0,485.5,528.1,500.9,518.0,530.7,575.6,533.4,549.1,547.0,588.5,549.6,560.1,552.2,582.5,523.8,524.4,518.5,546.9,505.2,529.3,534.3,583.3,531.7,568.8,560.6,615.0,556.5,575.0,568.4,609.0,550.5,572.0,566.8,598.2,532.1,560.2,557.3,605.6,561.4,580.6,593.5,655.9,582.9,,,,,,,,,,,,,,,,,,,,,,,,,,,,,,,,,,,,,,,,,,,,,,,,,,,,,,,,,,,,,,,,,,,,,,,,,,,,,,,,,,,,,,,,,,,,,,,,,,,,,,,,,,,,,,,,,,,,,,,,,,,,,,,,,,,,,,,,,,,,,,,,,,,,,,,,,,,,,,,,,,,,,,,,,,,,,,,,,,,,,,,,,,,,,,,
BIH,963,Bosnia and Herzegovina,index,GDP deflator,,,,,,,,,,,,,,,,,,,,,,,,,,,,,,,,,,,,,,,,,,,,,,,,,,,,,,,,,,,,,,,,,,,,,,,,,,,,,,,,,,,,,,,,,,,,,,,,,,,,,,,,,,,,,,,,,,,,,,,,,71.7,65.1,65.3,74.0,71.2,71.1,70.5,72.8,74.1,73.6,72.8,74.4,74.7,74.4,72.8,73.7,72.9,73.2,74.3,80.5,74.8,77.7,79.5,82.4,83.7,82.2,81.4,84.0,85.7,86.1,86.7,89.7,93.7,93.4,93.4,95.0,97.0,94.6,93.7,97.3,97.1,96.5,95.5,95.2,97.1,96.4,97.3,98.4,98.4,99.4,99.8,100.4,100.5,99.5,100.4,99.2,99.3,99.4,99.0,100.2,99.9,99.9,100.1,100.1,100.1,100.4,100.6,100.8,101.0,101.3,102.1,101.9,100.6,102.4,106.4,105.4,103.7,105.9,108.2,104.3,104.5,103.6,107.4,107.7,108.8,109.6,111.3,113.0,112.0,119.8,120.7,,,,,,,,,,,,,,,,,,,,,,,,,,,,,,,,,,,,,,,,,,,,,,,,,,,,,,,,,,,,,,,,,,,,,,,,,,,,,,,,,,,,,,,,,,,,,,,,,,,,,,,,,,,,,,,,,,,,,,,,,,,,,,,,,,,,,,,,,,,,,,,,,,,,,,,,,,,,,,,,,,,,,,,,,,,,,,,,,,,,,,,,,,,,,,
BWA,616,Botswana,index,GDP deflator,,,,,,,,,,,,,,,,,,,,,,,,,,,,,,,,,,,,,,,,,,,,,,,,,,,,,,,,,,,,,,,,,,,,,,,,,,,,,,,,,,,,,,,,,,,,,,,,,15.4,15.7,15.8,16.3,16.9,17.7,17.4,16.1,18.3,19.3,21.1,22.2,21.8,21.0,20.8,21.6,22.1,22.2,25.4,25.6,23.2,24.6,26.4,35.1,26.5,33.7,31.5,29.5,37.8,31.6,30.6,31.2,37.2,30.0,33.3,30.5,36.4,31.2,34.1,32.7,40.2,34.0,37.4,36.4,45.4,39.1,45.9,40.9,45.7,43.4,49.0,47.3,48.6,45.7,52.3,49.9,52.9,49.8,54.5,58.0,70.2,66.6,58.4,55.9,64.9,64.2,67.9,69.6,71.2,75.0,73.9,80.6,74.3,79.8,79.8,76.0,75.4,81.7,79.7,77.5,83.7,88.6,84.6,87.5,88.4,89.2,94.8,85.2,94.4,100.2,105.9,99.5,97.2,97.1,98.2,96.9,96.6,96.0,100.2,96.8,99.0,98.2,99.3,95.1,99.9,107.4,99.3,104.1,105.1,111.4,110.5,116.7,118.0,132.8,122.3,,,,,,,,,,,,,,,,,,,,,,,,,,,,,,,,,,,,,,,,,,,,,,,,,,,,,,,,,,,,,,,,,,,,,,,,,,,,,,,,,,,,,,,,,,,,,,,,,,,,,,,,,,,,,,,,,,,,,,,,,,,,,,,,,,,,,,,,,,,,,,,,,,,,,,,,,,,,,,,,,,,,,,,,,,,,,,,,,,,,,,,,,,,,,,
BRA,223,Brazil,index,GDP deflator,,,,,,,,,,,,,,,,,,,,,,,,,,,,,,,,,,,,,,,,,,,,,,,,,,,,,,,,,,,,,,,,,,,,,,,,,,,,,,,,,,,,,,,,,,,,,,,,,12.2,41.1,72.9,73.8,92.2,97.0,100.5,109.8,33.1,33.9,34.4,36.4,36.4,36.9,37.5,37.3,38.7,39.0,39.2,38.4,40.7,41.8,42.0,43.3,43.5,43.8,45.0,45.1,46.8,47.2,48.3,49.5,50.7,52.6,53.1,54.2,57.6,59.3,61.0,62.3,63.1,64.3,65.7,66.5,67.1,68.7,70.4,71.7,71.9,72.9,75.0,76.8,77.9,78.8,79.3,80.1,83.3,85.4,87.3,88.9,90.0,91.0,92.8,95.2,96.4,98.3,101.6,103.7,104.9,107.8,109.4,110.9,115.9,116.0,117.6,119.2,122.0,125.1,126.4,129.3,132.0,134.6,137.4,138.3,140.9,144.0,148.0,150.6,154.5,157.1,158.8,161.7,162.0,162.4,162.7,166.2,168.1,170.5,170.7,174.0,174.0,176.7,179.9,181.6,186.7,189.2,190.2,194.4,207.8,208.6,212.8,215.3,218.5,227.5,231.6,,,,,,,,,,,,,,,,,,,,,,,,,,,,,,,,,,,,,,,,,,,,,,,,,,,,,,,,,,,,,,,,,,,,,,,,,,,,,,,,,,,,,,,,,,,,,,,,,,,,,,,,,,,,,,,,,,,,,,,,,,,,,,,,,,,,,,,,,,,,,,,,,,,,,,,,,,,,,,,,,,,,,,,,,,,,,,,,,,,,,,,,,,,,,,
BRN,516,Brunei Darussalam,index,GDP deflator,,,,,,,,,,,,,,,,,,,,,,,,,,,,,,,,,,,,,,,,,,,,,,,,,,,,,,,,,,,,,,,,,,,,,,,,,,,,,,,,,,,,,,,,,,,,,,,,,,,,,,,,,,,,,,,,,,,,,,,,,,,,,,,,,,,,,,,,,,,,,,,,,,,,,,,,,,,,,,,,,96.4,99.9,101.3,102.2,113.3,122.1,122.1,123.1,126.6,123.5,117.8,118.7,119.5,117.1,116.7,119.5,120.2,117.7,114.3,111.8,102.8,95.8,92.5,91.5,84.1,90.7,83.6,89.1,88.6,97.6,87.2,91.3,92.6,105.8,99.7,100.6,96.0,103.0,92.2,94.0,94.1,82.9,85.7,80.5,88.5,99.3,103.1,105.1,109.6,140.1,,,,,,,,,,,,,,,,,,,,,,,,,,,,,,,,,,,,,,,,,,,,,,,,,,,,,,,,,,,,,,,,,,,,,,,,,,,,,,,,,,,,,,,,,,,,,,,,,,,,,,,,,,,,,,,,,,,,,,,,,,,,,,,,,,,,,,,,,,,,,,,,,,,,,,,,,,,,,,,,,,,,,,,,,,,,,,,,,,,,,,,,,,,,,,,
BGR,918,Bulgaria,index,GDP deflator,,,,,,,,,,,,,,,,,,,,,,,,,,,,,,,,,,,,,,,,,,,,,,,,,,,,,,,,,,,,,,,,,,,,,,,,,,,,,,,,,,,,,,,,,,,,,,,,,,,,,2.3,2.1,2.6,2.8,2.5,2.6,4.3,6.8,18.2,33.7,54.7,55.1,43.2,48.9,60.4,63.4,43.3,48.5,63.2,68.1,56.8,57.4,59.3,61.1,61.2,61.8,63.0,63.2,64.4,64.7,64.7,65.5,65.0,65.6,66.9,67.3,69.3,69.4,70.2,70.4,72.8,74.0,74.8,76.2,76.3,78.5,80.6,82.1,86.9,85.7,88.8,90.6,93.2,94.8,96.8,96.1,99.1,100.7,96.7,101.4,96.6,98.9,99.9,104.6,108.4,107.8,106.8,102.3,105.0,108.3,108.2,108.4,108.6,107.0,106.1,109.1,105.6,106.9,111.4,110.9,110.6,114.1,111.3,112.9,115.1,114.1,116.3,118.0,119.0,120.3,121.9,124.4,122.4,126.4,129.1,127.2,133.4,134.7,130.9,134.2,137.2,136.8,140.1,141.8,145.9,144.6,150.9,155.8,164.4,167.9,172.1,,,,,,,,,,,,,,,,,,,,,,,,,,,,,,,,,,,,,,,,,,,,,,,,,,,,,,,,,,,,,,,,,,,,,,,,,,,,,,,,,,,,,,,,,,,,,,,,,,,,,,,,,,,,,,,,,,,,,,,,,,,,,,,,,,,,,,,,,,,,,,,,,,,,,,,,,,,,,,,,,,,,,,,,,,,,,,,,,,,,,,,,,,,,,,
CAN,156,Canada,index,GDP deflator,16.9,17.0,17.2,17.3,17.7,17.9,18.0,18.3,18.6,18.8,19.1,19.4,19.8,20.4,21.1,21.9,22.8,23.5,24.5,25.1,25.6,26.2,27.0,27.6,28.2,29.0,29.2,29.8,30.3,30.8,31.3,31.7,32.1,32.9,33.4,34.1,34.9,36.1,36.9,37.8,38.5,39.5,40.5,41.7,42.8,43.8,44.7,45.4,46.7,47.7,48.5,49.5,49.8,50.4,51.4,51.8,52.1,52.5,52.9,53.2,53.6,54.4,54.7,55.0,55.4,55.7,56.3,57.1,57.7,58.5,59.1,59.8,60.4,60.9,61.9,62.7,63.1,64.2,64.9,65.2,65.6,66.2,66.9,67.4,68.1,68.6,68.8,68.8,69.1,69.5,69.8,69.9,70.1,70.6,70.3,70.8,71.1,71.1,71.7,72.1,72.6,73.0,73.2,73.6,73.9,74.1,74.5,75.0,75.2,75.0,75.2,75.4,75.2,75.3,74.9,75.0,75.4,76.2,77.1,77.5,78.4,79.6,80.4,81.0,81.8,81.8,80.9,80.2,80.6,82.0,82.5,83.6,84.7,84.0,85.1,85.5,86.4,87.5,88.0,88.4,89.0,89.6,90.9,92.0,91.7,92.5,93.2,93.4,94.8,95.7,95.6,96.8,98.7,100.8,101.0,97.6,96.1,96.6,97.4,98.9,99.7,99.7,99.8,100.8,102.2,103.3,103.4,104.1,104.2,104.1,104.6,105.1,106.1,106.0,106.6,106.6,108.1,108.5,108.8,108.1,107.1,107.4,107.9,107.3,107.1,107.8,108.5,109.5,110.5,110.6,110.7,112.2,112.5,113.3,113.5,112.0,113.5,114.6,114.6,115.6,114.4,113.1,115.8,117.6,121.2,123.9,125.5,127.9,131.8,136.1,134.2,,,,,,,,,,,,,,,,,,,,,,,,,,,,,,,,,,,,,,,,,,,,,,,,,,,,,,,,,,,,,,,,,,,,,,,,,,,,,,,,,,,,,,,,,,,,,,,,,,,,,,,,,,,,,,,,,,,,,,,,,,,,,,,,,,,,,,,,,,,,,,,,,,,,,,,,,,,,,,,,,,,,,,,,,,,,,,,,,,,,,,,,,,,,,,
CHL,228,Chile,index,GDP deflator,,,,,,,,,,,,,,,,,,,,,,,,,,,,,,,,,,,,,,,,,,,,,,,,,,,,,,,,,,,,,,,,,,,,,,,,,,,,,,,,,18.0,19.3,19.8,21.2,23.1,23.6,23.8,25.1,26.7,26.7,27.5,28.0,29.9,29.6,30.9,31.4,34.2,33.9,35.0,36.1,38.3,38.3,38.8,40.1,51.8,52.3,51.9,53.0,54.2,53.9,53.6,54.3,54.3,54.3,54.5,54.6,54.4,54.9,55.8,57.3,57.0,57.6,58.4,59.4,59.2,60.2,61.1,62.0,61.3,61.8,63.2,64.2,64.0,65.0,65.5,66.8,67.8,69.4,70.9,71.5,72.6,74.0,75.9,77.1,81.5,85.3,86.0,83.8,87.3,89.0,88.9,88.5,90.5,89.6,87.2,87.6,88.9,91.0,92.2,95.5,96.9,97.7,101.8,103.6,104.1,102.5,102.7,104.0,103.9,103.2,103.7,105.8,105.1,105.4,106.9,108.5,110.1,111.7,113.4,115.6,117.5,117.5,118.5,119.7,122.0,122.3,124.4,126.1,127.4,129.0,130.5,131.5,131.6,131.2,131.4,132.8,133.8,133.6,135.0,138.2,140.2,147.0,148.2,152.5,153.1,157.2,160.0,161.8,164.6,167.2,171.0,,,,,,,,,,,,,,,,,,,,,,,,,,,,,,,,,,,,,,,,,,,,,,,,,,,,,,,,,,,,,,,,,,,,,,,,,,,,,,,,,,,,,,,,,,,,,,,,,,,,,,,,,,,,,,,,,,,,,,,,,,,,,,,,,,,,,,,,,,,,,,,,,,,,,,,,,,,,,,,,,,,,,,,,,,,,,,,,,,,,,,,,,,,,,,
CHN,924,China,index,GDP deflator,,,,,,,,,,,,,,,,,,,,,,,,,,,,,,,,,,,,,,,,,,,,,,,,,,,,,,,,,,,,,,,,,,,,,,,,,,,,,,,,,,,,,,,,,28.9,30.8,30.5,31.6,32.5,35.0,35.3,37.2,39.1,42.4,42.7,44.6,45.1,48.6,48.6,49.8,49.1,52.1,51.3,52.5,50.9,53.0,52.0,52.7,51.3,52.5,51.2,51.8,50.6,51.7,50.4,51.5,51.2,52.8,51.7,52.6,52.8,54.1,52.7,53.1,53.0,54.3,53.1,53.7,54.1,55.4,54.5,55.5,56.6,59.1,58.8,60.0,59.7,61.6,61.0,61.7,61.7,63.7,63.4,64.6,65.9,68.1,68.7,70.1,71.7,74.6,74.5,73.8,71.9,73.5,73.4,75.0,75.8,78.5,78.8,80.7,82.1,85.4,86.0,85.8,85.3,87.6,87.3,87.3,87.2,89.0,89.2,89.6,88.2,90.2,90.4,90.0,88.4,90.7,90.2,89.7,88.9,91.4,91.3,92.2,93.0,95.1,95.2,96.0,96.7,98.7,98.3,99.1,97.8,100.4,99.4,100.2,99.2,100.1,99.9,100.6,101.4,105.2,104.4,106.1,105.4,108.8,106.6,,,,,,,,,,,,,,,,,,,,,,,,,,,,,,,,,,,,,,,,,,,,,,,,,,,,,,,,,,,,,,,,,,,,,,,,,,,,,,,,,,,,,,,,,,,,,,,,,,,,,,,,,,,,,,,,,,,,,,,,,,,,,,,,,,,,,,,,,,,,,,,,,,,,,,,,,,,,,,,,,,,,,,,,,,,,,,,,,,,,,,,,,,,,,,
COL,233,Colombia,index,GDP deflator,,,,,,,,,,,,,,,,,,,,,,,,,,,,,,,,,,,,,,,,,,,,,,,,,,,,,,,,,,,,,,,,,,,,,,,,,,,,,,,,,,,,,,,,,,,,,,,,,,,,,,,,,,,,,,,,,,,,,,,,,46.4,48.1,49.1,49.2,50.4,51.7,51.7,51.7,52.5,53.9,55.2,55.9,57.6,57.9,58.3,58.8,60.9,62.2,63.0,63.3,75.8,77.1,77.6,78.4,79.2,81.0,82.8,83.8,85.2,84.8,86.0,87.8,90.3,90.9,93.8,95.3,94.4,95.8,97.2,97.9,98.8,99.5,100.3,101.4,104.3,106.0,106.5,108.7,110.1,109.8,109.8,111.2,110.6,112.5,113.6,112.7,114.3,114.5,115.4,115.3,115.6,115.6,119.2,120.3,121.7,123.1,124.0,126.1,128.2,129.2,130.8,132.1,134.3,135.9,136.8,137.4,138.8,141.3,142.1,144.0,145.3,140.7,142.0,145.5,147.3,150.8,153.8,158.9,165.8,173.9,175.9,,,,,,,,,,,,,,,,,,,,,,,,,,,,,,,,,,,,,,,,,,,,,,,,,,,,,,,,,,,,,,,,,,,,,,,,,,,,,,,,,,,,,,,,,,,,,,,,,,,,,,,,,,,,,,,,,,,,,,,,,,,,,,,,,,,,,,,,,,,,,,,,,,,,,,,,,,,,,,,,,,,,,,,,,,,,,,,,,,,,,,,,,,,,,,
CRI,238,Costa Rica,index,GDP deflator,,,,,,,,,,,,,,,,,,,,,,,,,,,,,,,,,,,,,,,,,,,,,,,,,,,,,,,,,,,,,,,,,,,,,,,,,,,,,,,,,,,,,10.1,10.6,11.2,11.5,12.1,12.7,13.1,13.9,14.2,14.8,15.2,15.8,16.4,16.4,16.8,17.5,17.9,19.0,19.8,20.5,21.2,22.1,22.9,23.9,25.2,25.5,26.2,27.8,28.2,29.2,30.1,30.5,31.7,32.3,33.4,34.1,34.8,35.7,36.5,37.3,38.0,39.2,39.9,40.8,41.9,42.8,43.9,45.1,46.2,47.2,48.4,50.1,51.9,53.4,55.4,56.8,58.7,60.7,62.5,64.4,66.8,68.4,70.4,71.9,74.5,75.5,77.7,79.4,81.2,84.7,86.6,88.9,92.1,92.9,94.8,96.8,98.7,99.8,100.1,101.4,103.0,103.3,105.7,107.2,107.5,108.9,110.3,111.3,112.7,115.1,115.1,116.9,118.5,121.3,122.9,124.3,126.8,126.3,125.7,127.1,125.5,128.5,129.8,132.0,133.4,132.1,133.9,133.6,135.8,135.2,135.1,136.5,137.8,138.6,139.4,139.0,142.0,137.6,140.4,140.7,141.5,142.9,142.6,144.8,148.8,152.3,156.7,,,,,,,,,,,,,,,,,,,,,,,,,,,,,,,,,,,,,,,,,,,,,,,,,,,,,,,,,,,,,,,,,,,,,,,,,,,,,,,,,,,,,,,,,,,,,,,,,,,,,,,,,,,,,,,,,,,,,,,,,,,,,,,,,,,,,,,,,,,,,,,,,,,,,,,,,,,,,,,,,,,,,,,,,,,,,,,,,,,,,,,,,,,,,,
HRV,960,Croatia,index,GDP deflator,,,,,,,,,,,,,,,,,,,,,,,,,,,,,,,,,,,,,,,,,,,,,,,,,,,,,,,,,,,,,,,,,,,,,,,,,,,,,,,,,,,,,,,,,,,,,,,,,,,,,53.3,53.7,53.8,54.4,54.4,55.4,56.2,57.4,58.0,58.8,60.2,61.7,64.0,64.8,64.8,64.7,66.6,66.2,67.0,67.7,67.6,69.6,70.6,70.9,71.5,73.1,72.5,73.7,74.7,75.0,75.8,76.4,77.4,78.3,79.4,79.7,80.2,81.3,82.1,82.8,83.0,83.5,84.5,85.4,86.4,87.0,87.7,88.5,89.4,90.4,91.7,93.0,93.8,95.3,97.8,97.8,98.5,99.2,99.1,99.5,99.5,99.8,100.1,100.5,101.4,101.3,101.8,102.1,102.2,102.9,103.2,104.0,104.4,104.1,103.4,103.6,103.8,103.9,104.1,104.2,104.4,104.2,103.1,104.7,103.5,103.8,104.4,104.3,103.8,105.3,105.7,106.2,106.4,107.2,107.7,108.0,108.2,109.1,109.8,110.9,111.5,110.3,108.0,111.9,111.7,111.5,112.4,114.7,117.2,120.4,123.4,,,,,,,,,,,,,,,,,,,,,,,,,,,,,,,,,,,,,,,,,,,,,,,,,,,,,,,,,,,,,,,,,,,,,,,,,,,,,,,,,,,,,,,,,,,,,,,,,,,,,,,,,,,,,,,,,,,,,,,,,,,,,,,,,,,,,,,,,,,,,,,,,,,,,,,,,,,,,,,,,,,,,,,,,,,,,,,,,,,,,,,,,,,,,,
CYP,423,Cyprus,index,GDP deflator,,,,,,,,,,,,,,,,,,,,,,,,,,,,,,,,,,,,,,,,,,,,,,,,,,,,,,,,,,,,,,,,,,,,,,,,,,,,,,,,,,,,,,,,,,,,,,,,,,,,,66.9,67.0,67.5,68.3,68.3,69.1,69.5,69.9,70.1,70.6,71.0,71.3,71.3,72.1,72.5,72.6,72.9,73.7,74.4,74.3,75.3,75.3,75.9,76.8,77.7,79.0,78.9,78.8,78.4,78.3,79.1,79.6,81.5,83.0,83.2,84.5,84.2,85.0,85.8,86.4,86.3,87.0,87.1,87.9,88.4,89.4,90.1,91.0,91.7,93.2,94.1,94.9,96.2,97.6,98.7,99.1,97.1,98.1,98.1,99.2,99.2,100.1,100.2,100.5,100.6,101.6,102.0,102.4,102.2,103.0,103.7,104.5,100.4,104.4,102.8,101.9,100.7,101.0,101.3,101.0,100.4,100.5,100.0,100.0,98.9,99.4,100.1,100.2,100.2,100.6,101.0,101.0,100.8,102.0,101.9,102.1,102.3,103.2,103.2,103.4,103.2,100.6,101.4,101.8,102.8,104.3,105.0,106.6,107.6,111.9,111.9,,,,,,,,,,,,,,,,,,,,,,,,,,,,,,,,,,,,,,,,,,,,,,,,,,,,,,,,,,,,,,,,,,,,,,,,,,,,,,,,,,,,,,,,,,,,,,,,,,,,,,,,,,,,,,,,,,,,,,,,,,,,,,,,,,,,,,,,,,,,,,,,,,,,,,,,,,,,,,,,,,,,,,,,,,,,,,,,,,,,,,,,,,,,,,
CZE,935,Czech Republic,index,GDP deflator,,,,,,,,,,,,,,,,,,,,,,,,,,,,,,,,,,,,,,,,,,,,,,,,,,,,,,,,,,,,,,,,,,,,,,,,,,,,,,,,,,,,,,,,,,,,,,,,,,,,,,,,,64.1,65.0,65.8,67.3,68.7,69.7,71.5,74.1,76.1,78.1,79.1,78.5,79.1,80.2,80.5,81.4,80.7,81.6,82.2,82.8,83.9,85.0,86.7,87.5,87.7,88.7,88.3,88.0,89.1,89.6,89.1,89.4,92.1,91.9,93.1,94.6,93.4,92.9,92.5,93.3,92.7,92.9,94.1,94.6,96.6,96.5,97.4,97.1,98.0,98.9,99.8,98.9,102.4,101.5,100.5,101.4,100.1,100.5,100.1,99.2,99.1,99.6,100.4,100.8,100.8,101.3,101.6,101.9,102.0,102.3,102.9,104.1,104.7,105.3,105.8,106.0,106.3,106.5,106.7,106.6,107.8,107.7,107.7,107.7,108.2,108.8,109.5,110.0,110.9,111.6,112.3,112.8,115.2,115.9,116.8,117.2,119.8,120.8,121.9,122.8,123.8,125.5,126.9,125.1,131.2,134.0,139.3,,,,,,,,,,,,,,,,,,,,,,,,,,,,,,,,,,,,,,,,,,,,,,,,,,,,,,,,,,,,,,,,,,,,,,,,,,,,,,,,,,,,,,,,,,,,,,,,,,,,,,,,,,,,,,,,,,,,,,,,,,,,,,,,,,,,,,,,,,,,,,,,,,,,,,,,,,,,,,,,,,,,,,,,,,,,,,,,,,,,,,,,,,,,,,
DNK,128,Denmark,index,GDP deflator,,,,,,,,,,,,,,,,,,,,,,,,,,,,,,,,,,,,,,,,,,,,,,,,,,,,,,,,,,,,,,,,,,,,,,,,,,,,,,,,,,,,,68.2,68.2,68.2,68.1,69.1,69.6,68.9,69.6,69.3,69.5,69.9,70.1,70.6,70.6,70.7,71.2,71.4,71.7,71.6,72.1,72.7,72.7,73.5,73.6,74.1,74.0,74.6,75.6,75.1,75.4,75.7,75.9,76.0,76.4,77.1,77.7,78.3,78.7,79.1,80.3,80.5,81.0,81.1,81.9,82.4,82.7,83.3,83.7,83.7,84.0,84.6,84.6,85.5,85.5,86.2,86.9,87.9,87.9,88.8,89.4,90.1,90.3,90.7,90.2,91.8,92.1,92.4,93.8,94.9,95.7,97.5,97.5,96.3,96.0,97.2,98.0,99.4,99.9,100.0,100.7,100.9,100.2,100.6,100.9,102.0,103.0,103.5,103.7,103.6,103.7,104.1,104.5,104.7,105.1,104.5,105.7,105.6,105.3,105.5,105.5,105.8,105.6,105.3,106.3,106.8,107.3,106.9,107.0,106.8,107.2,108.3,108.8,108.4,108.6,109.0,109.7,111.3,111.6,111.6,112.6,112.2,113.8,115.5,117.8,120.0,124.6,127.3,,,,,,,,,,,,,,,,,,,,,,,,,,,,,,,,,,,,,,,,,,,,,,,,,,,,,,,,,,,,,,,,,,,,,,,,,,,,,,,,,,,,,,,,,,,,,,,,,,,,,,,,,,,,,,,,,,,,,,,,,,,,,,,,,,,,,,,,,,,,,,,,,,,,,,,,,,,,,,,,,,,,,,,,,,,,,,,,,,,,,,,,,,,,,,
DOM,243,Dominican Republic,index,GDP deflator,,,,,,,,,,,,,,,,,,,,,,,,,,,,,,,,,,,,,,,,,,,,,,,,,,,,,,,,,,,,,,,,,,,,,,,,,,,,,,,,,,,,,,,,,,,,,,,,,,,,,,,,,,,,,,,,,,,,,,,,,,,,,,,,,,,,,,,,,,,,,,,,,,,,,97.5,99.0,99.7,103.7,103.6,109.1,116.5,112.8,112.6,112.4,115.3,116.7,116.7,119.4,121.7,124.1,126.8,128.0,130.4,135.4,135.1,135.4,135.8,140.9,140.3,140.5,142.9,148.9,145.9,148.4,149.1,154.1,151.7,150.8,150.5,159.2,155.3,153.6,153.8,161.8,159.3,160.9,161.9,168.3,165.5,169.7,168.3,173.9,169.8,172.3,172.7,179.5,176.5,176.9,182.7,190.5,186.2,193.9,196.1,206.8,209.8,216.5,214.9,,,,,,,,,,,,,,,,,,,,,,,,,,,,,,,,,,,,,,,,,,,,,,,,,,,,,,,,,,,,,,,,,,,,,,,,,,,,,,,,,,,,,,,,,,,,,,,,,,,,,,,,,,,,,,,,,,,,,,,,,,,,,,,,,,,,,,,,,,,,,,,,,,,,,,,,,,,,,,,,,,,,,,,,,,,,,,,,,,,,,,,,,,,,,,
EGY,469,"Egypt, Arab Rep.",index,GDP deflator,,,,,,,,,,,,,,,,,,,,,,,,,,,,,,,,,,,,,,,,,,,,,,,,,,,,,,,,,,,,,,,,,,,,,,,,,,,,,,,,,,,,,,,,,,,,,,,,,,,,,,,,,,,,,,,,,,,,,,,,,,,,,,,,,,,,,,,,,,,,,,,,,,,37.2,35.2,32.7,34.1,41.3,39.6,37.1,38.1,48.6,42.8,40.1,42.4,52.8,47.9,44.1,46.5,58.7,52.8,49.8,52.3,61.6,58.7,54.4,59.0,66.6,62.8,58.0,60.2,76.1,71.1,64.0,63.9,84.2,78.8,70.7,69.0,88.1,83.8,74.7,75.1,100.0,100.0,100.0,100.0,132.6,126.6,113.7,112.8,151.5,144.9,129.9,125.8,159.7,153.3,138.5,134.0,165.5,161.9,145.7,141.4,176.7,172.5,160.3,167.7,,,,,,,,,,,,,,,,,,,,,,,,,,,,,,,,,,,,,,,,,,,,,,,,,,,,,,,,,,,,,,,,,,,,,,,,,,,,,,,,,,,,,,,,,,,,,,,,,,,,,,,,,,,,,,,,,,,,,,,,,,,,,,,,,,,,,,,,,,,,,,,,,,,,,,,,,,,,,,,,,,,,,,,,,,,,,,,,,,,,,,,,,,,,,,,
SLV,253,El Salvador,index,GDP deflator,,,,,,,,,,,,,,,,,,,,,,,,,,,,,,,,,,,,,,,,,,,,,,,,,,,,,,,,,,,,,,,,,,,,,,,,,,,,,,,,,38.5,38.5,38.5,38.5,41.3,41.3,41.3,41.3,42.8,42.8,42.8,42.8,46.4,46.4,46.4,46.4,51.0,51.0,51.0,51.0,56.6,56.6,56.6,56.6,60.3,60.3,60.3,60.3,62.3,62.3,62.3,62.3,65.0,65.0,65.0,65.0,65.6,65.6,65.6,65.6,67.7,67.8,67.8,67.8,70.0,70.0,70.0,70.0,71.1,71.1,71.1,71.1,73.2,73.2,73.2,73.2,75.2,75.1,75.1,75.1,76.9,78.3,78.7,79.3,80.3,80.6,82.1,83.7,84.6,85.3,85.2,86.1,86.1,87.2,90.4,89.6,88.0,87.8,87.8,89.5,88.6,89.5,90.3,93.9,92.5,96.3,96.8,98.2,98.3,97.9,97.8,99.7,98.5,98.6,98.1,100.7,98.4,99.3,100.4,101.9,99.8,101.0,101.3,103.0,100.9,102.0,101.0,103.9,101.7,102.5,102.2,105.4,102.8,104.1,104.7,107.2,104.1,105.6,105.3,107.3,104.6,104.1,103.9,107.6,106.8,110.4,111.8,116.8,116.7,119.8,119.8,,,,,,,,,,,,,,,,,,,,,,,,,,,,,,,,,,,,,,,,,,,,,,,,,,,,,,,,,,,,,,,,,,,,,,,,,,,,,,,,,,,,,,,,,,,,,,,,,,,,,,,,,,,,,,,,,,,,,,,,,,,,,,,,,,,,,,,,,,,,,,,,,,,,,,,,,,,,,,,,,,,,,,,,,,,,,,,,,,,,,,,,,,,,,,
EST,939,Estonia,index,GDP deflator,,,,,,,,,,,,,,,,,,,,,,,,,,,,,,,,,,,,,,,,,,,,,,,,,,,,,,,,,,,,,,,,,,,,,,,,,,,,,,,,,,,,,,,,,,,,,,,,,,,,,33.7,35.8,37.7,39.9,42.3,44.6,46.4,47.0,47.5,49.1,50.7,51.0,52.3,52.4,53.2,54.0,55.2,56.4,57.0,57.0,57.7,57.9,58.2,60.5,60.4,62.7,62.7,64.5,64.7,65.6,65.4,66.8,67.5,68.0,68.2,68.6,71.2,69.5,72.4,72.5,74.2,74.9,76.1,77.3,79.8,80.8,83.5,85.0,89.0,91.0,93.8,97.4,96.5,99.2,96.3,103.3,98.7,97.9,96.9,98.6,97.8,98.4,101.4,102.4,104.1,105.2,106.3,107.2,108.4,109.6,110.9,110.8,113.2,113.9,115.9,114.9,117.4,118.4,117.6,118.7,117.9,118.4,119.0,119.6,121.3,120.8,121.1,122.6,124.5,126.3,125.7,127.7,129.8,131.4,132.1,134.8,136.2,136.9,136.6,136.3,134.2,133.8,137.3,137.2,136.8,139.3,145.7,151.6,157.1,164.1,170.0,,,,,,,,,,,,,,,,,,,,,,,,,,,,,,,,,,,,,,,,,,,,,,,,,,,,,,,,,,,,,,,,,,,,,,,,,,,,,,,,,,,,,,,,,,,,,,,,,,,,,,,,,,,,,,,,,,,,,,,,,,,,,,,,,,,,,,,,,,,,,,,,,,,,,,,,,,,,,,,,,,,,,,,,,,,,,,,,,,,,,,,,,,,,,,
FIN,172,Finland,index,GDP deflator,,,,,,,,,,,,,,,,,,,,,19.6,20.1,20.2,20.8,21.8,22.4,23.1,23.7,24.1,24.6,25.3,25.9,26.0,26.7,27.2,27.9,28.2,28.9,29.5,30.4,31.2,32.0,32.1,33.2,34.9,35.4,36.2,37.0,38.0,38.7,39.4,40.3,41.0,41.9,42.7,43.7,44.7,45.6,46.4,47.0,47.6,48.2,48.5,49.4,50.2,50.4,50.2,52.1,52.1,53.1,53.2,54.5,55.9,57.3,57.1,59.3,60.3,60.8,60.3,62.1,63.6,64.4,65.3,65.4,65.1,65.3,66.1,66.1,65.7,66.1,66.4,66.7,67.1,67.4,67.5,67.6,67.5,68.3,69.1,69.6,71.0,71.4,71.7,72.0,71.4,71.3,71.4,71.9,72.1,72.6,73.3,73.8,75.0,75.2,75.5,75.3,75.4,75.6,76.2,76.5,76.1,76.9,77.5,78.3,79.4,79.8,79.9,79.9,80.4,80.5,80.5,80.7,80.8,80.6,80.3,80.9,81.1,81.1,81.1,81.3,81.5,81.9,81.7,82.4,81.8,82.3,82.9,83.5,84.2,84.7,85.0,85.8,86.5,87.5,88.1,87.9,89.6,88.9,88.7,89.1,88.7,89.0,89.4,90.2,90.7,91.5,92.1,92.5,93.7,94.1,94.7,95.1,96.1,96.7,97.0,97.5,98.0,98.3,98.5,98.9,99.8,99.9,100.1,100.2,99.9,100.0,100.2,100.2,100.6,100.6,100.9,101.5,101.9,102.4,103.2,104.1,103.8,104.2,104.6,105.3,106.2,106.5,105.9,106.1,107.0,108.1,109.3,111.1,112.8,114.7,116.3,,,,,,,,,,,,,,,,,,,,,,,,,,,,,,,,,,,,,,,,,,,,,,,,,,,,,,,,,,,,,,,,,,,,,,,,,,,,,,,,,,,,,,,,,,,,,,,,,,,,,,,,,,,,,,,,,,,,,,,,,,,,,,,,,,,,,,,,,,,,,,,,,,,,,,,,,,,,,,,,,,,,,,,,,,,,,,,,,,,,,,,,,,,,,,
FRA,132,France,index,GDP deflator,15.1,15.3,15.6,15.7,16.0,16.2,16.5,16.7,17.0,17.3,17.7,17.8,18.2,18.5,19.0,19.8,20.1,20.7,21.3,22.4,23.2,23.7,24.4,24.7,25.5,26.3,27.0,27.6,28.0,28.7,29.3,29.8,30.2,31.2,32.2,32.8,33.6,34.4,35.2,36.2,37.4,38.6,39.6,40.5,41.6,42.7,44.1,45.7,47.2,48.5,49.4,50.2,51.5,53.0,54.4,55.2,56.1,57.0,57.8,58.3,59.2,60.1,60.9,61.5,62.5,63.1,63.9,64.4,64.5,64.7,65.3,65.6,66.2,66.7,67.4,68.2,68.7,69.0,69.6,70.0,70.6,71.3,71.2,71.6,72.2,72.9,73.3,73.6,74.1,74.3,74.6,74.7,75.4,75.6,75.7,75.9,76.0,76.2,76.4,76.7,76.8,77.0,77.3,77.6,78.1,78.2,78.3,78.3,78.5,78.9,79.0,79.3,79.6,79.8,79.7,79.7,79.8,79.9,79.9,79.9,80.5,80.9,81.3,81.7,82.0,82.5,82.9,83.4,83.9,84.2,84.6,85.0,85.3,85.8,86.3,86.6,86.9,87.2,87.5,87.9,88.4,88.9,89.2,89.8,90.2,90.6,91.2,91.9,92.3,92.9,93.6,94.3,95.0,95.6,95.6,95.9,95.8,95.5,95.3,95.7,96.0,96.5,96.9,97.1,97.1,97.4,97.6,97.9,98.2,98.6,98.8,99.0,99.3,99.4,99.5,99.6,99.9,99.9,99.9,100.4,100.8,101.0,101.3,101.5,101.7,101.6,101.7,101.7,101.9,102.2,102.3,102.3,102.8,103.0,103.4,103.6,104.1,104.4,104.7,104.9,106.2,110.3,106.3,107.4,108.4,108.9,108.9,109.2,110.1,110.9,112.3,,,,,,,,,,,,,,,,,,,,,,,,,,,,,,,,,,,,,,,,,,,,,,,,,,,,,,,,,,,,,,,,,,,,,,,,,,,,,,,,,,,,,,,,,,,,,,,,,,,,,,,,,,,,,,,,,,,,,,,,,,,,,,,,,,,,,,,,,,,,,,,,,,,,,,,,,,,,,,,,,,,,,,,,,,,,,,,,,,,,,,,,,,,,,,
DEU,134,Germany,index,GDP deflator,29.4,29.7,30.2,30.2,31.6,31.9,32.4,32.5,33.2,33.3,33.7,34.1,35.1,35.4,35.9,36.6,37.3,37.9,38.7,39.5,40.1,40.4,40.5,41.0,41.3,41.6,42.0,42.3,42.6,43.0,43.1,43.6,44.1,44.4,45.0,45.1,45.8,46.3,47.0,47.2,48.2,49.1,49.5,49.6,50.1,50.9,51.5,52.1,52.6,53.3,53.9,54.2,54.4,54.5,55.3,55.7,55.8,55.8,56.0,56.6,57.0,56.9,57.3,57.9,58.5,58.7,59.3,59.5,59.5,59.5,59.7,60.2,60.0,60.5,60.9,61.6,62.1,62.2,62.7,63.1,64.1,64.6,64.9,65.0,69.7,71.2,71.7,73.2,73.9,74.9,75.6,76.6,77.2,78.2,78.3,78.9,79.4,79.5,79.9,80.3,80.7,81.3,81.7,81.8,81.8,81.8,81.9,81.9,82.0,81.8,82.3,82.2,82.3,82.6,82.7,83.0,82.9,83.1,82.9,82.8,82.5,82.4,82.6,82.6,83.1,83.1,83.7,84.4,84.6,84.3,85.0,85.1,85.6,85.7,86.1,86.1,86.5,87.0,87.0,86.9,87.1,87.2,87.2,87.3,87.2,87.5,87.5,87.9,88.6,88.9,89.2,89.6,89.5,89.8,90.0,90.4,91.0,91.3,91.8,92.0,92.1,91.6,92.3,92.5,92.5,92.9,93.2,93.9,93.9,94.1,94.7,95.4,95.9,96.2,96.6,96.8,97.6,98.1,98.3,98.6,99.5,99.9,100.2,100.4,100.9,101.2,101.4,101.8,102.1,102.6,103.1,103.5,104.0,104.5,105.2,105.9,106.1,106.7,107.6,108.2,108.9,109.9,108.3,109.2,110.8,110.8,113.2,114.7,115.9,117.2,118.4,,,,,,,,,,,,,,,,,,,,,,,,,,,,,,,,,,,,,,,,,,,,,,,,,,,,,,,,,,,,,,,,,,,,,,,,,,,,,,,,,,,,,,,,,,,,,,,,,,,,,,,,,,,,,,,,,,,,,,,,,,,,,,,,,,,,,,,,,,,,,,,,,,,,,,,,,,,,,,,,,,,,,,,,,,,,,,,,,,,,,,,,,,,,,,
GRC,174,Greece,index,GDP deflator,,,,,,,,,,,,,,,,,,,,,,,,,,,,,,,,,,,,,,,,,,,,,,,,,,,,,,,,,,,,,,,,,,,,,,,,,,,,,,,,,,,,,,,,,,,,,,,,,,,,,55.1,55.8,56.8,57.7,58.9,60.2,61.1,62.2,63.5,64.1,64.7,65.8,66.3,67.4,68.5,69.2,69.6,70.3,70.8,71.3,71.5,72.1,71.8,71.5,72.9,73.8,74.4,75.0,75.7,76.0,76.4,77.9,78.2,78.3,80.0,79.9,80.9,81.8,82.6,81.6,82.5,83.5,83.5,84.1,85.9,86.4,86.9,86.2,88.7,88.4,89.5,91.1,92.4,92.7,93.3,93.4,96.0,95.7,94.9,96.0,98.9,100.0,101.1,100.0,100.6,100.5,100.3,102.2,100.6,100.4,100.4,100.2,100.5,99.2,97.7,96.2,96.7,96.0,96.3,96.8,95.9,95.6,96.4,96.0,95.5,96.7,95.2,95.1,95.6,96.2,95.4,96.2,95.7,95.3,95.7,95.8,96.2,96.3,95.6,95.3,95.6,95.2,96.0,94.1,93.6,96.3,96.3,99.2,101.5,103.7,102.1,,,,,,,,,,,,,,,,,,,,,,,,,,,,,,,,,,,,,,,,,,,,,,,,,,,,,,,,,,,,,,,,,,,,,,,,,,,,,,,,,,,,,,,,,,,,,,,,,,,,,,,,,,,,,,,,,,,,,,,,,,,,,,,,,,,,,,,,,,,,,,,,,,,,,,,,,,,,,,,,,,,,,,,,,,,,,,,,,,,,,,,,,,,,,,
GTM,258,Guatemala,index,GDP deflator,,,,,,,,,,,,,,,,,,,,,,,,,,,,,,,,,,,,,,,,,,,,,,,,,,,,,,,,,,,,,,,,,,,,,,,,,,,,,,,,,,,,,,,,,,,,,,,,,,,,,,,,,,,,,,,,,,,,,,,,,,,,,52.4,51.5,52.3,53.4,55.9,55.6,55.9,56.0,58.8,57.7,58.3,58.6,61.4,61.0,61.6,63.3,65.4,64.5,65.3,66.2,68.5,67.8,68.6,69.3,72.8,72.0,73.9,75.0,78.5,78.8,81.6,82.6,83.2,82.2,84.0,83.7,87.6,86.1,87.9,88.7,91.9,92.1,94.8,95.6,97.0,95.6,96.7,97.7,99.9,99.0,99.8,101.2,101.1,101.6,104.3,104.4,104.0,104.7,106.0,106.0,107.5,106.7,108.9,108.9,109.1,108.2,110.5,111.8,110.5,109.4,111.8,113.3,113.0,113.7,116.3,118.0,116.5,117.3,119.6,120.1,120.3,119.8,122.6,123.8,126.4,127.0,,,,,,,,,,,,,,,,,,,,,,,,,,,,,,,,,,,,,,,,,,,,,,,,,,,,,,,,,,,,,,,,,,,,,,,,,,,,,,,,,,,,,,,,,,,,,,,,,,,,,,,,,,,,,,,,,,,,,,,,,,,,,,,,,,,,,,,,,,,,,,,,,,,,,,,,,,,,,,,,,,,,,,,,,,,,,,,,,,,,,,,,,,,,,,,
HND,268,Honduras,index,GDP deflator,,,,,,,,,,,,,,,,,,,,,,,,,,,,,,,,,,,,,,,,,,,,,,,,,,,,,,,,,,,,,,,,,,,,,,,,,,,,,,,,,,,,,,,,,,,,,,,,,,,,,,,,,,,,,,,,,,,,,,,,,53.1,53.7,53.1,53.8,55.8,57.4,58.4,59.3,59.0,60.1,61.3,62.3,61.7,63.7,65.1,66.2,65.7,67.9,69.7,70.0,73.0,72.3,73.1,74.8,75.5,77.3,76.7,79.4,80.7,81.2,82.8,84.7,85.1,88.1,87.8,94.3,95.3,95.5,96.1,95.4,96.9,97.9,101.3,104.0,104.9,107.5,107.5,111.4,111.1,111.9,112.7,111.1,112.7,112.9,113.8,113.6,116.4,119.4,121.8,126.3,128.5,128.6,129.3,131.2,131.0,132.8,135.6,137.0,138.5,139.0,141.1,142.1,141.0,142.3,142.9,145.5,145.4,147.1,150.5,152.1,153.0,154.6,156.2,159.0,156.4,158.6,164.0,167.2,170.7,174.8,,,,,,,,,,,,,,,,,,,,,,,,,,,,,,,,,,,,,,,,,,,,,,,,,,,,,,,,,,,,,,,,,,,,,,,,,,,,,,,,,,,,,,,,,,,,,,,,,,,,,,,,,,,,,,,,,,,,,,,,,,,,,,,,,,,,,,,,,,,,,,,,,,,,,,,,,,,,,,,,,,,,,,,,,,,,,,,,,,,,,,,,,,,,,,,
HKG,532,"Hong Kong SAR, China",index,GDP deflator,,,,,,,,,,,,,12.8,12.8,13.7,14.3,14.5,14.8,14.9,15.8,15.5,15.0,15.6,16.3,16.5,16.5,17.4,17.8,17.5,17.4,17.8,18.3,18.3,18.4,19.4,20.6,20.8,21.8,23.2,24.5,24.9,25.3,26.5,27.8,27.9,28.1,29.5,30.3,30.6,31.4,32.7,32.4,32.0,32.4,33.7,34.7,34.9,35.4,37.2,38.1,37.6,38.2,39.0,38.8,39.2,39.1,39.8,41.1,42.3,42.4,43.6,44.4,45.8,46.2,47.1,48.9,50.4,52.8,53.6,54.9,55.4,56.5,57.3,58.6,59.5,61.5,63.0,64.4,66.3,67.8,68.7,70.4,72.5,73.8,74.5,75.9,77.2,78.8,79.2,80.3,79.8,81.8,82.7,84.3,84.0,86.6,87.3,90.0,89.3,91.9,92.3,94.5,92.6,93.8,93.2,93.2,90.5,90.3,88.6,88.4,87.4,86.8,86.1,85.2,85.1,85.0,84.4,84.8,82.8,82.7,81.6,80.8,78.7,77.4,76.1,76.1,75.1,74.6,73.5,73.8,73.8,74.3,74.0,74.5,73.4,73.8,73.1,74.6,74.5,75.2,75.9,78.3,76.3,76.6,77.4,77.7,76.9,76.6,76.0,77.4,77.4,74.9,77.4,77.9,78.8,78.8,80.8,81.1,81.6,81.0,83.9,84.3,83.1,81.7,85.6,86.3,84.9,85.4,87.4,88.7,88.6,89.1,90.4,91.1,90.4,90.5,91.6,92.6,92.5,93.6,94.5,95.0,96.0,97.1,98.1,98.3,98.2,99.2,100.0,100.1,100.8,99.7,100.3,99.2,100.4,100.5,101.3,101.2,101.4,101.0,105.8,,,,,,,,,,,,,,,,,,,,,,,,,,,,,,,,,,,,,,,,,,,,,,,,,,,,,,,,,,,,,,,,,,,,,,,,,,,,,,,,,,,,,,,,,,,,,,,,,,,,,,,,,,,,,,,,,,,,,,,,,,,,,,,,,,,,,,,,,,,,,,,,,,,,,,,,,,,,,,,,,,,,,,,,,,,,,,,,,,,,,,,,,,,,,,
HUN,944,Hungary,index,GDP deflator,,,,,,,,,,,,,,,,,,,,,,,,,,,,,,,,,,,,,,,,,,,,,,,,,,,,,,,,,,,,,,,,,,,,,,,,,,,,,,,,,,,,,,,,,,,,,,,,,,,,,27.3,29.5,31.0,33.3,34.8,36.1,37.6,39.1,42.2,43.5,45.0,46.6,48.9,49.5,51.0,52.6,52.4,54.0,55.1,57.0,57.4,58.6,61.2,61.7,63.7,66.8,67.6,67.2,70.8,70.7,72.3,73.1,73.0,74.4,76.1,79.1,79.6,80.4,79.3,79.4,79.4,81.4,82.5,83.5,82.6,84.3,86.0,85.3,88.1,88.2,89.7,90.4,94.6,93.1,91.4,95.2,97.5,97.1,96.5,98.9,98.7,99.5,100.4,101.5,100.3,101.3,102.7,103.3,103.7,104.0,105.3,105.9,106.9,108.2,107.9,107.5,111.1,111.3,112.5,111.9,113.0,113.6,115.2,117.4,115.5,116.7,116.7,116.9,119.3,120.2,121.2,122.9,124.4,125.9,127.4,129.2,131.1,132.5,132.8,134.7,138.6,141.8,140.4,145.7,146.2,151.0,149.4,155.2,162.9,169.3,179.3,,,,,,,,,,,,,,,,,,,,,,,,,,,,,,,,,,,,,,,,,,,,,,,,,,,,,,,,,,,,,,,,,,,,,,,,,,,,,,,,,,,,,,,,,,,,,,,,,,,,,,,,,,,,,,,,,,,,,,,,,,,,,,,,,,,,,,,,,,,,,,,,,,,,,,,,,,,,,,,,,,,,,,,,,,,,,,,,,,,,,,,,,,,,,,
ISL,176,Iceland,index,GDP deflator,,,,,,,,,,,,,,,,,,,,,,,,,,,,,,,,,,,,,,,,,,,,,,,,,,,,,,,,,,,,,,,,,,,,,,,,,,,,,,,,,,,,,,,,,,,,,,,,,,,,,37.9,37.3,38.4,39.1,39.2,37.7,39.6,40.1,39.8,39.3,40.7,41.0,42.6,41.7,42.5,41.8,43.1,43.3,44.3,43.6,45.1,44.5,45.5,46.3,47.4,47.7,50.2,51.7,52.8,51.4,52.4,52.3,52.6,52.1,53.1,52.0,53.8,53.2,53.8,54.5,56.1,54.4,56.3,55.3,58.4,58.2,61.5,62.9,63.6,60.8,63.9,63.4,65.1,67.1,74.0,76.0,73.5,75.9,80.1,83.0,84.9,81.9,82.1,83.7,86.5,84.5,85.0,86.8,91.2,87.0,87.1,89.3,93.8,89.0,90.2,89.2,92.1,91.6,96.6,96.7,104.5,99.1,97.9,98.8,105.5,101.9,101.6,100.3,102.3,101.4,105.4,103.7,106.3,103.7,107.0,106.8,109.0,108.9,113.5,111.5,112.7,111.7,118.0,116.3,118.0,116.7,125.4,125.8,130.6,126.2,135.1,,,,,,,,,,,,,,,,,,,,,,,,,,,,,,,,,,,,,,,,,,,,,,,,,,,,,,,,,,,,,,,,,,,,,,,,,,,,,,,,,,,,,,,,,,,,,,,,,,,,,,,,,,,,,,,,,,,,,,,,,,,,,,,,,,,,,,,,,,,,,,,,,,,,,,,,,,,,,,,,,,,,,,,,,,,,,,,,,,,,,,,,,,,,,,
IND,534,India,index,GDP deflator,,,,,,,,,,,,,,,,,,,,,,,,,,,,,,,,,,,,,,,,,,,,,,,,,,,,,,,,,,,,,,,,,,,,,,,,,,,,,,,,,,,,,,,,,,,,,,,,,,,,,,,,,,46.6,47.6,48.4,49.2,50.1,50.3,51.1,52.5,53.5,54.9,56.1,55.9,56.5,56.9,57.2,58.1,58.4,58.8,59.5,60.1,60.5,60.8,61.2,61.4,62.3,63.2,63.5,64.3,64.8,64.9,65.8,66.7,68.2,68.8,69.5,70.4,70.7,71.8,72.6,73.5,75.2,76.1,77.6,78.3,79.0,80.4,81.5,83.8,86.3,88.5,90.7,87.6,89.2,92.4,95.4,97.2,99.0,100.7,103.1,105.1,106.9,109.5,111.1,113.4,116.3,117.9,119.9,121.6,123.3,125.5,127.2,129.2,129.4,130.3,131.0,131.5,132.2,133.2,134.2,134.4,136.1,136.6,138.1,140.5,140.7,142.4,144.0,146.0,147.7,149.2,149.5,149.2,150.0,151.2,153.1,155.5,152.1,156.8,163.2,169.4,168.3,172.2,181.4,184.9,187.6,189.0,,,,,,,,,,,,,,,,,,,,,,,,,,,,,,,,,,,,,,,,,,,,,,,,,,,,,,,,,,,,,,,,,,,,,,,,,,,,,,,,,,,,,,,,,,,,,,,,,,,,,,,,,,,,,,,,,,,,,,,,,,,,,,,,,,,,,,,,,,,,,,,,,,,,,,,,,,,,,,,,,,,,,,,,,,,,,,,,,,,,,,,,,,,,,,
IDN,536,Indonesia,index,GDP deflator,,,,,,,,,,,,,,,,,,,,,,,,,,,,,,,,,,,,,,,,,,,,,,,,,,,,,5.2,5.7,5.8,5.8,6.2,6.1,6.2,6.3,6.2,6.5,6.5,6.6,6.7,6.3,6.3,6.9,7.1,7.4,7.6,7.6,7.9,8.1,8.1,7.9,8.5,9.0,9.0,8.7,9.4,9.5,9.5,9.6,10.2,10.3,10.3,10.4,10.8,11.0,10.9,11.1,11.7,12.0,11.9,11.8,12.2,12.5,13.0,13.4,13.6,14.0,14.1,14.3,14.8,15.2,15.2,15.7,16.4,16.7,17.2,18.3,25.0,28.8,33.2,33.9,34.6,34.5,33.9,34.5,35.2,36.7,37.6,38.4,40.1,42.7,43.1,43.1,43.8,44.4,45.2,45.6,47.4,46.7,47.1,47.6,49.2,50.7,51.9,53.1,54.8,56.8,58.5,64.1,64.7,65.5,67.5,69.6,71.6,72.8,74.9,78.1,83.2,86.5,89.8,91.9,91.3,92.1,93.1,96.1,98.1,99.6,100.0,102.2,105.2,106.2,108.7,109.8,111.2,112.2,111.2,111.5,114.1,115.3,118.2,120.5,121.8,122.7,124.3,125.0,126.5,128.2,129.1,129.5,129.5,130.7,131.9,133.7,135.7,136.3,137.5,139.0,140.4,141.9,143.4,143.6,144.0,145.1,144.7,144.8,145.1,142.8,143.4,144.7,147.7,151.2,153.9,157.6,159.7,169.1,171.5,,,,,,,,,,,,,,,,,,,,,,,,,,,,,,,,,,,,,,,,,,,,,,,,,,,,,,,,,,,,,,,,,,,,,,,,,,,,,,,,,,,,,,,,,,,,,,,,,,,,,,,,,,,,,,,,,,,,,,,,,,,,,,,,,,,,,,,,,,,,,,,,,,,,,,,,,,,,,,,,,,,,,,,,,,,,,,,,,,,,,,,,,,,,,,
IRN,429,"Iran, Islamic Rep.",index,GDP deflator,,,,,,,,,,,,,,,,,,,,,,,,,,,,,,,,,,,,,,,,,,,,,,,,,,,,,,,,,,,,,,,,,,,,,,,,,,,,,,,,,,,,,,,,,,,,,,,,,,,,,,,,,,,,,,,,,,,,,,,,,,,,,,,,,,,,,,,,,,15.9,16.9,17.7,18.1,19.7,20.2,20.8,21.7,22.0,24.3,23.7,24.2,25.9,27.7,30.4,32.2,36.7,43.5,31.4,28.6,33.1,36.6,37.0,38.0,39.1,39.6,40.6,48.7,51.8,48.0,50.8,54.2,55.4,55.1,63.2,70.2,78.5,82.4,86.2,85.4,91.7,92.2,91.9,88.9,90.9,91.6,92.4,90.7,95.4,97.1,101.3,106.3,106.7,110.3,114.9,120.4,129.7,146.4,158.7,161.7,180.2,194.7,196.6,200.1,213.2,260.5,300.7,311.0,359.8,422.5,470.7,500.3,,,,,,,,,,,,,,,,,,,,,,,,,,,,,,,,,,,,,,,,,,,,,,,,,,,,,,,,,,,,,,,,,,,,,,,,,,,,,,,,,,,,,,,,,,,,,,,,,,,,,,,,,,,,,,,,,,,,,,,,,,,,,,,,,,,,,,,,,,,,,,,,,,,,,,,,,,,,,,,,,,,,,,,,,,,,,,,,,,,,,,,,,,,,,,,,
IRL,178,Ireland,index,GDP deflator,,,,,,,,,,,,,,,,,,,,,,,,,,,,,,,,,,,,,,,,,,,,,,,,,,,,,,,,,,,,,,,,,,,,,,,,,,,,,,,,,,,,,,,,,,,,,,,,,,,,,65.8,66.5,67.7,67.8,67.8,67.7,69.2,69.7,69.7,70.3,72.1,74.1,74.5,75.6,77.2,78.6,77.1,78.5,81.3,82.8,84.0,84.9,86.6,89.0,91.4,90.8,92.6,91.6,96.5,95.3,98.1,96.6,98.3,99.5,100.1,100.1,99.8,100.0,101.3,101.5,102.4,102.1,105.0,103.9,105.4,106.3,107.1,108.2,107.5,108.3,108.5,107.2,107.8,106.5,107.0,107.6,102.6,102.7,102.3,102.5,98.4,99.6,100.7,101.3,100.5,101.8,103.4,101.2,105.2,103.3,104.9,103.1,105.4,104.4,105.0,103.2,104.6,105.3,104.9,105.3,111.9,115.3,116.9,118.6,116.4,113.7,118.3,115.3,115.4,117.2,116.3,118.4,118.3,116.2,118.1,118.6,120.5,120.9,121.6,122.9,121.7,120.4,119.5,122.0,117.9,120.8,123.0,123.9,123.8,128.3,129.7,,,,,,,,,,,,,,,,,,,,,,,,,,,,,,,,,,,,,,,,,,,,,,,,,,,,,,,,,,,,,,,,,,,,,,,,,,,,,,,,,,,,,,,,,,,,,,,,,,,,,,,,,,,,,,,,,,,,,,,,,,,,,,,,,,,,,,,,,,,,,,,,,,,,,,,,,,,,,,,,,,,,,,,,,,,,,,,,,,,,,,,,,,,,,,
ISR,436,Israel,index,GDP deflator,,,,,,,,,,,,,,,,,,,,,,,,,,,,,,,,,,,,,,,,,,,,,,,,,,,,,,,,,,,,,,,,,,,,,,,,,,,,,,,,,,,,,,,,,,,,,,,,,,,,,60.4,61.6,62.8,64.0,65.7,67.1,68.7,69.6,71.4,72.4,74.2,74.9,75.8,77.5,78.7,81.6,83.0,82.1,82.8,84.9,84.1,84.6,84.7,85.8,85.6,86.5,87.0,86.8,88.7,89.9,91.6,91.7,92.4,89.8,89.1,89.5,90.3,90.2,90.3,90.7,89.5,90.6,91.3,92.9,93.1,92.3,92.5,92.3,92.5,92.3,93.7,94.3,93.6,93.8,94.6,96.5,98.5,99.1,99.3,98.5,99.3,100.0,100.7,100.1,101.4,101.2,101.0,102.0,102.8,104.6,105.4,105.9,106.1,106.4,106.6,107.0,106.7,106.5,106.5,108.1,109.5,109.7,109.4,110.5,110.7,110.2,110.3,109.6,110.0,110.4,109.9,109.6,109.5,110.0,111.0,112.3,112.7,112.6,113.2,113.2,113.8,114.2,113.4,114.0,115.1,115.3,117.0,117.0,120.0,121.1,121.7,,,,,,,,,,,,,,,,,,,,,,,,,,,,,,,,,,,,,,,,,,,,,,,,,,,,,,,,,,,,,,,,,,,,,,,,,,,,,,,,,,,,,,,,,,,,,,,,,,,,,,,,,,,,,,,,,,,,,,,,,,,,,,,,,,,,,,,,,,,,,,,,,,,,,,,,,,,,,,,,,,,,,,,,,,,,,,,,,,,,,,,,,,,,,,
ITA,136,Italy,index,GDP deflator,,,,,,,,,,,,,,,,,,,,,,,,,,,,,,,,,,,,,,,,,,,,,21.3,22.4,23.4,24.5,25.4,26.2,27.4,28.8,29.5,30.5,31.3,32.6,33.4,34.0,34.6,35.4,36.2,37.1,37.9,38.7,39.4,40.0,40.5,41.2,41.7,42.4,43.0,43.8,44.7,45.3,45.8,46.4,47.4,47.9,48.6,49.6,51.0,50.8,51.7,52.5,55.3,55.1,56.2,57.1,58.2,57.8,58.7,58.8,59.8,60.5,61.0,61.3,62.1,62.6,63.0,63.5,64.3,65.6,66.6,67.6,72.4,73.1,73.5,73.9,74.7,74.8,75.5,75.4,76.2,76.8,76.8,77.8,77.7,77.9,78.2,78.5,78.8,79.4,79.6,80.1,80.7,81.6,82.3,83.1,83.9,84.3,85.0,85.1,86.1,87.0,88.2,87.7,88.5,89.7,89.7,90.4,90.7,90.9,91.3,92.6,92.4,93.1,93.7,94.0,94.4,94.9,95.8,97.5,97.0,98.1,98.2,98.5,99.5,99.6,99.5,99.7,99.5,99.9,100.1,100.5,101.1,101.2,101.8,102.4,102.7,103.1,103.3,103.7,103.8,104.4,104.5,104.8,105.2,105.1,105.2,105.8,105.9,106.1,106.6,106.6,107.3,107.5,107.6,107.6,107.7,108.1,108.4,108.9,109.1,109.7,109.4,109.5,109.9,110.1,110.5,111.3,111.2,112.9,112.2,112.8,112.8,113.0,112.9,112.8,114.0,115.0,114.9,,,,,,,,,,,,,,,,,,,,,,,,,,,,,,,,,,,,,,,,,,,,,,,,,,,,,,,,,,,,,,,,,,,,,,,,,,,,,,,,,,,,,,,,,,,,,,,,,,,,,,,,,,,,,,,,,,,,,,,,,,,,,,,,,,,,,,,,,,,,,,,,,,,,,,,,,,,,,,,,,,,,,,,,,,,,,,,,,,,,,,,,,,,,,,
JPN,158,Japan,index,GDP deflator,,,,,,,,,,,,,,,,,,,,,,,,,,,,,,,,,,,,,,,,,90.8,93.2,94.2,95.1,95.3,95.8,96.2,97.0,97.8,97.6,98.0,97.8,98.6,98.7,98.7,99.0,99.6,99.9,100.3,100.9,101.3,101.5,101.3,101.6,102.6,103.1,103.5,103.1,103.0,102.7,103.1,102.9,103.5,103.1,103.6,104.0,104.4,105.5,106.2,106.8,107.4,108.1,108.4,109.7,110.5,111.3,111.9,112.9,112.9,113.8,113.6,113.8,114.1,113.9,114.2,114.5,115.4,115.8,115.4,115.6,115.0,114.8,114.9,115.0,114.5,114.6,114.4,114.2,114.2,115.4,115.2,115.3,115.3,115.1,114.7,114.9,114.3,113.9,113.2,113.0,112.6,112.1,111.9,111.6,111.7,110.8,110.5,110.3,110.4,109.3,108.9,108.6,107.9,107.9,107.5,106.8,106.6,106.2,106.1,106.2,105.7,105.2,104.7,104.6,104.4,104.1,104.0,104.0,103.8,103.8,103.3,102.8,102.6,102.6,101.8,103.0,103.1,102.3,101.5,100.8,100.7,100.3,99.6,99.3,99.1,98.4,98.0,98.0,98.1,97.6,97.4,97.4,97.2,97.2,97.3,97.3,97.3,99.4,99.4,99.6,100.5,101.0,101.2,101.3,101.6,101.4,101.3,101.3,101.0,101.3,101.6,101.4,101.6,101.4,101.3,101.1,101.7,101.9,101.8,102.5,102.8,103.3,103.0,102.7,102.8,102.9,102.8,102.4,103.0,102.9,102.3,,,,,,,,,,,,,,,,,,,,,,,,,,,,,,,,,,,,,,,,,,,,,,,,,,,,,,,,,,,,,,,,,,,,,,,,,,,,,,,,,,,,,,,,,,,,,,,,,,,,,,,,,,,,,,,,,,,,,,,,,,,,,,,,,,,,,,,,,,,,,,,,,,,,,,,,,,,,,,,,,,,,,,,,,,,,,,,,,,,,,,,,,,,,,,
JOR,439,Jordan,index,GDP deflator,,,,,,,,,,,,,,,,,,,,,,,,,,,,,,,,,,,,,,,,,,,,,,,,,,,,,,,,,,,,,,,,,,,,,,,,,,,,,,,,,,,,,,,,,51.1,50.7,49.8,49.6,51.3,51.9,52.1,51.4,51.8,54.5,56.3,57.9,56.3,55.8,55.5,57.5,58.0,57.3,57.7,56.9,57.4,58.1,58.3,59.0,59.1,61.7,62.3,63.4,62.1,60.9,61.2,61.6,61.8,61.6,60.7,60.8,61.5,61.4,61.9,61.8,61.8,61.9,62.2,62.8,62.9,63.2,64.0,63.8,65.6,66.2,65.1,65.1,64.3,65.8,66.5,70.4,70.4,72.0,71.6,71.7,73.7,73.7,74.7,78.0,86.9,89.2,92.7,90.1,87.8,91.7,96.2,94.6,97.1,99.1,100.1,103.7,104.1,104.2,106.9,109.4,108.9,110.3,112.2,113.9,116.2,117.9,119.1,119.7,120.9,122.3,123.1,124.2,124.7,125.2,125.9,127.1,126.6,127.3,127.3,128.1,128.6,129.1,130.1,130.3,131.0,131.5,132.1,132.6,133.2,133.6,134.2,135.0,135.9,133.3,132.4,133.1,135.6,135.3,134.4,135.8,138.4,142.0,139.8,,,,,,,,,,,,,,,,,,,,,,,,,,,,,,,,,,,,,,,,,,,,,,,,,,,,,,,,,,,,,,,,,,,,,,,,,,,,,,,,,,,,,,,,,,,,,,,,,,,,,,,,,,,,,,,,,,,,,,,,,,,,,,,,,,,,,,,,,,,,,,,,,,,,,,,,,,,,,,,,,,,,,,,,,,,,,,,,,,,,,,,,,,,,,,
KAZ,916,Kazakhstan,index,GDP deflator,,,,,,,,,,,,,,,,,,,,,,,,,,,,,,,,,,,,,,,,,,,,,,,,,,,,,,,,,,,,,,,,,,,,,,,,,,,,,,,,,,,,,,,,,,,,,,,,,,,,,,,,,,,,,,,,,,,,,37.7,44.4,56.9,59.4,46.5,51.4,64.7,60.3,50.6,61.2,70.5,56.9,53.7,66.0,72.3,51.9,61.7,68.1,81.2,71.3,75.8,81.3,92.8,88.9,90.5,96.7,103.7,110.8,104.6,114.9,120.5,145.1,117.5,135.0,143.9,163.1,140.0,167.1,193.4,177.6,136.4,157.1,188.9,221.5,167.6,185.3,213.1,275.4,204.5,221.1,271.2,317.1,225.4,235.6,279.8,322.2,245.9,249.2,303.3,364.2,269.3,274.0,332.6,355.3,275.1,271.3,334.1,374.4,310.7,320.3,371.6,424.3,337.7,336.7,404.2,506.8,366.5,379.6,426.5,558.1,394.9,409.8,447.9,608.2,440.3,393.8,499.0,611.6,472.5,454.7,561.0,681.6,558.2,551.8,,,,,,,,,,,,,,,,,,,,,,,,,,,,,,,,,,,,,,,,,,,,,,,,,,,,,,,,,,,,,,,,,,,,,,,,,,,,,,,,,,,,,,,,,,,,,,,,,,,,,,,,,,,,,,,,,,,,,,,,,,,,,,,,,,,,,,,,,,,,,,,,,,,,,,,,,,,,,,,,,,,,,,,,,,,,,,,,,,,,,,,,,,,,,,,
KOR,542,"Korea, Rep.",index,GDP deflator,4.1,4.0,4.3,4.3,4.5,4.6,4.7,4.9,5.1,5.3,5.5,5.6,5.8,5.9,6.2,6.4,7.4,7.6,7.9,8.8,9.3,9.7,9.8,10.3,11.3,11.8,12.0,12.4,13.1,13.3,13.6,14.3,15.3,16.0,17.2,17.7,18.0,18.7,20.3,21.6,22.6,23.8,24.8,26.8,27.2,28.5,28.8,29.6,29.9,30.4,30.6,30.8,31.8,31.5,31.9,32.3,32.5,32.7,33.9,33.9,33.6,34.2,35.4,35.2,36.1,35.8,36.4,36.9,37.0,37.4,38.3,39.6,39.4,40.6,41.2,42.0,42.4,42.9,43.3,44.5,46.0,47.1,48.4,48.9,50.1,51.4,52.6,53.8,54.2,55.8,56.7,57.3,58.1,59.3,59.9,60.7,62.6,63.9,65.3,65.7,67.1,68.8,70.2,69.5,71.0,71.4,72.2,72.5,72.9,73.1,74.8,77.6,80.3,77.8,77.4,76.4,77.0,75.6,77.7,77.7,77.7,77.4,77.6,78.4,80.1,81.1,81.3,79.6,82.5,83.3,82.4,83.5,85.1,86.0,85.6,86.4,87.5,88.3,89.0,89.1,89.3,89.0,89.5,89.9,88.9,88.8,89.4,89.8,90.5,91.1,91.6,92.3,92.2,93.9,94.4,95.4,96.1,97.7,97.8,97.7,99.1,100.1,100.2,100.6,100.2,100.6,101.4,102.9,102.7,102.3,102.3,103.0,103.3,103.4,103.8,103.9,104.5,104.0,104.2,105.3,107.7,108.0,107.8,107.9,109.9,110.0,109.5,110.6,111.7,111.9,113.5,112.7,112.6,113.0,113.8,112.7,112.1,112.3,112.1,111.6,111.7,114.1,114.8,114.6,114.9,116.2,117.6,117.9,117.7,118.6,117.8,,,,,,,,,,,,,,,,,,,,,,,,,,,,,,,,,,,,,,,,,,,,,,,,,,,,,,,,,,,,,,,,,,,,,,,,,,,,,,,,,,,,,,,,,,,,,,,,,,,,,,,,,,,,,,,,,,,,,,,,,,,,,,,,,,,,,,,,,,,,,,,,,,,,,,,,,,,,,,,,,,,,,,,,,,,,,,,,,,,,,,,,,,,,,,
KWT,443,Kuwait,index,GDP deflator,,,,,,,,,,,,,,,,,,,,,,,,,,,,,,,,,,,,,,,,,,,,,,,,,,,,,,,,,,,,,,,,,,,,,,,,,,,,,,,,,,,,,,,,,,,,,,,,,,,,,,,,,,,,,,,,,,,,,,,,,,,,,,,,,,,,,,,,,,,,,,,,,,,,,,,,,,,,,,,,,100.0,100.0,100.0,100.0,112.8,119.0,117.5,119.4,127.8,123.9,126.7,125.6,127.0,122.7,129.4,126.2,123.4,124.9,121.8,101.3,87.6,96.5,86.6,78.4,71.0,83.0,83.3,87.7,92.8,92.4,92.7,99.5,100.7,106.3,109.4,103.9,100.9,107.7,104.8,105.4,97.2,74.3,93.0,94.8,,,,,,,,,,,,,,,,,,,,,,,,,,,,,,,,,,,,,,,,,,,,,,,,,,,,,,,,,,,,,,,,,,,,,,,,,,,,,,,,,,,,,,,,,,,,,,,,,,,,,,,,,,,,,,,,,,,,,,,,,,,,,,,,,,,,,,,,,,,,,,,,,,,,,,,,,,,,,,,,,,,,,,,,,,,,,,,,,,,,,,,,,,,,,,,,,,,,,
LVA,941,Latvia,index,GDP deflator,,,,,,,,,,,,,,,,,,,,,,,,,,,,,,,,,,,,,,,,,,,,,,,,,,,,,,,,,,,,,,,,,,,,,,,,,,,,,,,,,,,,,,,,,,,,,,,,,,,,,40.6,41.0,42.2,43.3,45.3,47.3,47.8,47.1,48.8,48.8,49.6,51.9,50.8,51.6,52.5,53.7,52.1,53.7,53.2,53.2,53.7,55.2,55.0,56.0,56.1,55.0,56.9,57.0,58.8,58.4,59.7,59.8,60.9,61.8,62.6,63.4,64.1,65.3,67.6,68.8,70.3,72.8,74.6,77.9,78.5,81.1,84.7,87.8,93.2,97.7,101.0,106.0,106.2,110.3,113.9,113.7,100.0,102.0,99.1,99.9,98.6,98.9,100.5,102.0,105.2,105.6,106.6,108.9,108.1,110.3,110.6,111.9,111.1,112.4,112.7,113.1,114.3,114.3,114.6,115.3,114.4,114.7,114.8,114.8,114.2,115.2,116.0,117.3,117.1,118.3,119.9,120.7,121.8,123.0,124.2,125.4,126.5,126.6,126.9,127.7,129.7,127.4,126.6,128.9,133.3,134.1,137.3,142.8,149.1,152.0,159.3,,,,,,,,,,,,,,,,,,,,,,,,,,,,,,,,,,,,,,,,,,,,,,,,,,,,,,,,,,,,,,,,,,,,,,,,,,,,,,,,,,,,,,,,,,,,,,,,,,,,,,,,,,,,,,,,,,,,,,,,,,,,,,,,,,,,,,,,,,,,,,,,,,,,,,,,,,,,,,,,,,,,,,,,,,,,,,,,,,,,,,,,,,,,,,
LBN,446,Lebanon,index,GDP deflator,,,,,,,,,,,,,,,,,,,,,,,,,,,,,,,,,,,,,,,,,,,,,,,,,,,,,,,,,,,,,,,,,,,,,,,,,,,,,,,,,,,,,,,,,,,,,,,,,,,,,,,,,,,,,,,,,,,,,,,,,,,,,,,,,,,,,,,,,,,,,,,,,,,,,,,,,,,,,,,,,,,,,,,,,92.0,93.0,93.0,98.0,96.0,96.0,96.0,100.0,96.0,97.0,97.0,97.0,99.0,101.0,99.0,101.0,101.0,100.0,100.0,102.0,102.0,102.0,103.0,108.0,108.0,109.0,110.0,111.0,112.0,111.0,115.0,118.0,121.0,165.0,210.0,245.0,,,,,,,,,,,,,,,,,,,,,,,,,,,,,,,,,,,,,,,,,,,,,,,,,,,,,,,,,,,,,,,,,,,,,,,,,,,,,,,,,,,,,,,,,,,,,,,,,,,,,,,,,,,,,,,,,,,,,,,,,,,,,,,,,,,,,,,,,,,,,,,,,,,,,,,,,,,,,,,,,,,,,,,,,,,,,,,,,,,,,,,,,,,,,,,,,,,,,
LSO,666,Lesotho,index,GDP deflator,,,,,,,,,,,,,,,,,,,,,,,,,,,,,,,,,,,,,,,,,,,,,,,,,,,,,,,,,,,,,,,,,,,,,,,,,,,,,,,,,,,,,,,,,,,,,,,,,,,,,,,,,,,,,,,,,,,,,,,,,,,,,,,,,,,,,,,,,,,,,,,,,,,,,70.5,67.3,71.5,74.7,76.8,82.6,82.5,89.6,85.5,82.8,85.8,85.3,87.8,88.1,86.9,94.5,93.4,98.6,98.6,100.4,94.3,102.9,99.8,102.8,105.8,107.5,111.1,116.1,125.0,123.9,129.1,125.1,127.4,138.8,143.7,144.3,139.6,140.1,137.8,135.4,138.7,138.3,143.1,143.5,152.9,156.0,161.3,159.8,160.8,163.3,162.3,173.6,174.1,173.4,174.4,171.2,165.1,168.9,172.7,179.7,176.5,181.6,185.9,,,,,,,,,,,,,,,,,,,,,,,,,,,,,,,,,,,,,,,,,,,,,,,,,,,,,,,,,,,,,,,,,,,,,,,,,,,,,,,,,,,,,,,,,,,,,,,,,,,,,,,,,,,,,,,,,,,,,,,,,,,,,,,,,,,,,,,,,,,,,,,,,,,,,,,,,,,,,,,,,,,,,,,,,,,,,,,,,,,,,,,,,,,,,,
LTU,946,Lithuania,index,GDP deflator,,,,,,,,,,,,,,,,,,,,,,,,,,,,,,,,,,,,,,,,,,,,,,,,,,,,,,,,,,,,,,,,,,,,,,,,,,,,,,,,,,,,,,,,,,,,,,,,,,,,,48.5,51.0,55.5,57.4,59.8,61.8,64.9,66.6,69.5,69.7,70.6,72.4,73.0,72.8,73.0,72.8,71.2,72.8,72.1,71.9,73.5,73.0,72.0,72.8,73.3,73.4,72.0,71.9,73.0,73.2,72.9,72.6,73.3,72.3,71.7,72.1,72.2,73.5,74.8,76.2,76.7,79.0,80.0,81.4,81.6,82.9,87.0,86.9,88.9,90.7,93.1,94.6,99.1,101.5,102.4,100.2,101.1,99.2,94.9,94.8,99.1,98.7,101.1,101.2,103.7,105.3,106.3,106.1,107.8,107.8,107.8,108.9,108.5,109.8,110.3,109.8,110.9,110.3,110.8,110.0,110.1,110.6,110.5,111.4,111.2,112.0,112.7,112.9,115.6,116.3,118.0,118.5,120.1,120.7,121.1,123.0,123.3,124.4,124.1,126.0,125.7,125.7,127.6,127.5,129.1,132.8,136.2,141.4,147.4,152.9,160.7,,,,,,,,,,,,,,,,,,,,,,,,,,,,,,,,,,,,,,,,,,,,,,,,,,,,,,,,,,,,,,,,,,,,,,,,,,,,,,,,,,,,,,,,,,,,,,,,,,,,,,,,,,,,,,,,,,,,,,,,,,,,,,,,,,,,,,,,,,,,,,,,,,,,,,,,,,,,,,,,,,,,,,,,,,,,,,,,,,,,,,,,,,,,,,
LUX,137,Luxembourg,index,GDP deflator,,,,,,,,,,,,,,,,,,,,,,,,,,,,,,,,,,,,,,,,,,,,,,,,,,,,,,,,,,,,,,,,,,,,,,,,,,,,,,,,,,,,,,,,,,,,,,,,,,,,,60.8,63.8,63.3,65.7,66.7,64.2,69.6,62.7,67.1,67.4,69.0,66.7,65.2,65.6,65.6,68.3,67.6,69.2,69.5,70.9,71.3,72.3,73.6,72.8,72.3,73.0,72.9,74.3,73.8,74.2,74.8,73.8,75.8,75.4,76.1,75.8,77.0,77.7,79.5,78.2,78.7,80.7,83.3,84.6,85.9,86.5,87.4,88.7,88.2,89.3,88.9,88.8,93.2,94.3,95.3,96.1,95.3,94.6,95.7,96.6,97.3,99.7,100.9,102.2,102.7,104.1,103.1,104.0,105.3,106.1,107.3,108.4,106.9,109.3,109.1,111.6,110.2,112.8,113.7,112.3,114.9,115.1,114.6,114.5,112.7,112.3,114.5,114.3,115.9,116.2,115.0,116.5,117.3,118.6,119.1,118.5,118.3,120.0,121.0,120.7,124.3,127.2,124.4,126.7,128.4,131.1,135.5,138.1,139.6,143.3,145.0,,,,,,,,,,,,,,,,,,,,,,,,,,,,,,,,,,,,,,,,,,,,,,,,,,,,,,,,,,,,,,,,,,,,,,,,,,,,,,,,,,,,,,,,,,,,,,,,,,,,,,,,,,,,,,,,,,,,,,,,,,,,,,,,,,,,,,,,,,,,,,,,,,,,,,,,,,,,,,,,,,,,,,,,,,,,,,,,,,,,,,,,,,,,,,
MAC,546,"Macao SAR, China",index,GDP deflator,,,,,,,,,,,,,,,,,,,,,,,,,,,,,,,,,,,,,,,,,,,,,,,,,,,,,,,,,,,,,,,,,,,,,,,,,,,,,,,,,,,,,,,,,,,,,,,,,,,,,,,,,,,,,,,,,,,,,,,,,,,,,46.4,45.1,44.9,43.9,46.0,45.1,43.9,43.0,46.2,44.9,43.6,43.6,45.6,45.3,45.3,45.0,47.8,47.7,47.9,47.9,50.4,51.4,51.6,52.5,54.7,55.6,56.1,57.4,61.2,61.1,62.5,62.0,62.5,61.5,62.1,62.7,64.7,64.5,64.8,66.6,68.8,68.8,70.5,71.9,73.7,73.9,75.0,77.0,79.1,79.2,80.9,83.4,86.0,87.0,88.2,90.4,91.0,91.2,91.7,93.2,92.8,91.4,91.8,94.1,93.2,93.4,94.1,97.2,96.6,96.8,97.8,100.3,99.6,98.9,99.9,102.5,101.2,99.1,99.2,99.9,98.4,98.7,100.2,100.4,98.8,97.7,99.1,,,,,,,,,,,,,,,,,,,,,,,,,,,,,,,,,,,,,,,,,,,,,,,,,,,,,,,,,,,,,,,,,,,,,,,,,,,,,,,,,,,,,,,,,,,,,,,,,,,,,,,,,,,,,,,,,,,,,,,,,,,,,,,,,,,,,,,,,,,,,,,,,,,,,,,,,,,,,,,,,,,,,,,,,,,,,,,,,,,,,,,,,,,,,,
MYS,548,Malaysia,index,GDP deflator,,,,,,,,,,,,,,,,,,,,,,,,,,,,,,,,,,,,,,,,,,,,,,,,,,,,,,,,,,,,,,,,,,,,,,,,,,,,,,,,,,,,,46.2,45.3,45.5,46.4,46.7,46.7,47.1,47.4,49.1,48.9,48.8,48.6,49.7,49.9,51.1,52.1,52.8,51.9,52.4,53.4,54.2,54.3,54.4,55.2,55.6,54.8,55.8,59.4,61.5,60.4,62.2,60.9,59.3,60.5,61.9,63.1,65.0,65.9,67.5,68.7,65.9,66.2,65.8,65.2,66.0,67.6,68.7,68.9,70.4,69.4,69.7,70.7,72.4,73.4,75.3,75.8,75.6,77.0,79.6,79.7,79.9,81.2,82.4,80.9,80.8,83.5,85.8,89.8,91.0,95.5,97.5,91.5,87.6,86.4,87.7,91.2,91.5,90.0,91.1,93.6,96.8,96.7,95.9,96.9,99.1,98.3,96.8,96.2,97.8,96.1,97.2,99.6,101.2,100.3,99.3,99.8,99.8,99.8,99.8,100.6,100.2,100.9,101.7,103.6,105.8,105.2,105.1,105.9,106.0,106.1,106.4,106.1,105.9,106.2,105.9,107.0,106.7,104.2,104.7,105.8,108.1,110.7,112.2,114.5,117.3,120.9,118.8,,,,,,,,,,,,,,,,,,,,,,,,,,,,,,,,,,,,,,,,,,,,,,,,,,,,,,,,,,,,,,,,,,,,,,,,,,,,,,,,,,,,,,,,,,,,,,,,,,,,,,,,,,,,,,,,,,,,,,,,,,,,,,,,,,,,,,,,,,,,,,,,,,,,,,,,,,,,,,,,,,,,,,,,,,,,,,,,,,,,,,,,,,,,,,
MLT,181,Malta,index,GDP deflator,,,,,,,,,,,,,,,,,,,,,,,,,,,,,,,,,,,,,,,,,,,,,,,,,,,,,,,,,,,,,,,,,,,,,,,,,,,,,,,,,,,,,,,,,,,,,,,,,,,,,,,,,,,,,,,,,,,,,,,,,79.1,76.6,75.2,79.1,80.5,80.3,80.1,82.6,83.1,82.7,81.7,84.9,84.9,84.1,83.6,86.2,86.8,85.2,85.6,87.9,87.5,87.8,87.5,89.8,89.5,89.7,89.7,91.1,91.4,91.5,92.0,93.3,93.8,93.6,95.5,97.1,96.6,96.4,96.6,98.1,99.3,99.1,100.4,101.1,101.0,100.2,101.1,102.1,103.0,102.6,103.5,104.1,104.9,105.1,106.3,106.3,107.1,107.3,108.7,109.3,111.7,111.8,113.6,113.5,113.8,114.4,115.8,115.7,116.0,116.9,118.6,118.0,118.3,119.4,121.4,120.7,120.9,122.2,124.3,123.6,123.6,124.3,125.2,125.5,125.5,126.3,128.2,128.2,129.6,133.2,136.2,,,,,,,,,,,,,,,,,,,,,,,,,,,,,,,,,,,,,,,,,,,,,,,,,,,,,,,,,,,,,,,,,,,,,,,,,,,,,,,,,,,,,,,,,,,,,,,,,,,,,,,,,,,,,,,,,,,,,,,,,,,,,,,,,,,,,,,,,,,,,,,,,,,,,,,,,,,,,,,,,,,,,,,,,,,,,,,,,,,,,,,,,,,,,,
MEX,273,Mexico,index,GDP deflator,,,,,,,,,,,,,,,,,,,,,,,,,,,,,,,,,,,,,,,,,,,,,,,,,,,,,,,,,,,,,,,,,,,,,,,,,,,,,,,,,,,,,,,,,,,,,16.7,17.0,17.3,17.6,18.0,18.3,18.9,19.4,22.0,25.5,27.1,28.9,30.6,31.9,33.4,35.0,36.8,38.0,39.5,41.0,42.4,43.9,45.7,47.4,49.3,51.4,53.1,54.5,56.2,57.3,58.4,59.8,60.5,61.2,61.7,62.2,62.5,64.5,65.5,66.4,67.1,66.7,67.2,68.4,70.2,72.1,73.7,75.0,75.5,76.2,77.7,78.4,79.8,81.7,82.8,83.3,84.6,85.8,86.9,89.3,90.4,92.7,92.9,92.2,94.2,95.8,95.7,96.9,98.6,99.6,100.1,101.7,103.3,104.9,105.6,109.4,109.5,110.1,110.8,110.6,111.1,110.9,112.1,113.2,115.0,116.5,117.4,118.2,118.1,119.8,120.8,121.7,123.2,125.3,128.3,130.8,133.2,134.5,136.2,137.4,139.7,141.2,142.7,144.5,145.7,147.3,149.0,149.5,152.2,149.9,156.7,157.1,160.0,163.0,167.3,169.4,172.8,177.1,,,,,,,,,,,,,,,,,,,,,,,,,,,,,,,,,,,,,,,,,,,,,,,,,,,,,,,,,,,,,,,,,,,,,,,,,,,,,,,,,,,,,,,,,,,,,,,,,,,,,,,,,,,,,,,,,,,,,,,,,,,,,,,,,,,,,,,,,,,,,,,,,,,,,,,,,,,,,,,,,,,,,,,,,,,,,,,,,,,,,,,,,,,,,,,
MDA,921,"Moldova, Rep.",index,GDP deflator,,,,,,,,,,,,,,,,,,,,,,,,,,,,,,,,,,,,,,,,,,,,,,,,,,,,,,,,,,,,,,,,,,,,,,,,,,,,,,,,,,,,,,,,,,,,,,,,,,,,,,,,,,,,,,,,,,,,,,,,,,,,,,,,,,,,,,,,,,,,,,,,,,,,,,,,,,,,,,,,,70.5,70.5,70.5,70.5,75.7,79.3,75.8,74.8,80.2,83.3,83.6,80.5,83.5,87.3,84.6,85.3,87.9,92.4,90.5,91.2,95.2,98.2,99.1,103.9,104.9,105.3,102.1,107.2,109.7,111.7,111.5,113.9,114.7,115.4,113.5,113.3,119.7,122.5,122.1,122.7,125.3,125.8,124.1,129.9,129.2,142.3,134.1,131.7,149.5,,,,,,,,,,,,,,,,,,,,,,,,,,,,,,,,,,,,,,,,,,,,,,,,,,,,,,,,,,,,,,,,,,,,,,,,,,,,,,,,,,,,,,,,,,,,,,,,,,,,,,,,,,,,,,,,,,,,,,,,,,,,,,,,,,,,,,,,,,,,,,,,,,,,,,,,,,,,,,,,,,,,,,,,,,,,,,,,,,,,,,,,,,,,,,,,
MNG,948,Mongolia,index,GDP deflator,,,,,,,,,,,,,,,,,,,,,,,,,,,,,,,,,,,,,,,,,,,,,,,,,,,,,,,,,,,,,,,,,,,,,,,,,,,,,,,,,,,,,,,,,,,,,,,,,,,,,,,,,,,,,,,,,,,,,,,,,,,,,,,,,,,,,,,,,,,,,,,,,,,,,,,,,,,,,,,,,68.8,80.5,81.2,83.0,85.1,109.7,100.5,92.6,101.7,117.1,110.6,109.5,97.2,107.4,111.5,119.8,108.5,106.2,113.1,105.5,100.0,100.1,100.1,99.7,102.6,101.6,102.2,105.1,115.1,120.9,106.3,114.8,129.1,125.6,116.8,123.8,139.8,136.6,132.9,135.4,140.4,148.2,143.0,137.8,155.3,156.1,161.8,184.4,167.9,180.0,197.5,,,,,,,,,,,,,,,,,,,,,,,,,,,,,,,,,,,,,,,,,,,,,,,,,,,,,,,,,,,,,,,,,,,,,,,,,,,,,,,,,,,,,,,,,,,,,,,,,,,,,,,,,,,,,,,,,,,,,,,,,,,,,,,,,,,,,,,,,,,,,,,,,,,,,,,,,,,,,,,,,,,,,,,,,,,,,,,,,,,,,,,,,,,,,,
NLD,138,Netherlands,index,GDP deflator,,,,,,,,,,,,,,,,,,,,,,,,,,,,,44.5,45.1,45.7,46.2,46.8,47.7,48.3,48.4,48.7,49.5,50.2,50.5,51.3,52.4,53.0,53.3,54.0,54.5,55.7,57.0,57.9,58.1,58.0,59.2,59.5,59.3,59.3,60.0,60.2,60.2,60.2,60.8,61.6,61.1,61.2,61.8,62.1,61.5,61.4,61.0,60.5,61.4,61.8,61.5,61.0,61.0,61.1,61.6,61.7,61.7,62.1,62.5,62.4,62.9,62.6,63.9,64.5,64.8,65.0,65.5,66.0,66.5,66.8,67.0,66.8,67.4,67.8,68.4,68.6,68.8,69.1,69.5,69.9,69.0,70.3,70.4,73.6,73.7,73.8,74.1,74.7,75.5,75.8,76.6,76.8,77.1,77.6,77.8,77.8,78.1,78.4,79.0,80.0,80.6,81.5,81.9,83.8,84.0,84.5,85.1,86.7,87.3,88.0,88.2,88.8,89.2,89.7,90.0,89.8,90.4,90.8,91.4,91.8,92.3,92.5,93.1,94.2,94.2,94.8,95.6,96.4,96.4,96.7,97.0,98.4,98.3,99.3,99.5,100.4,98.6,98.8,98.6,99.2,100.3,100.5,100.0,99.8,99.9,100.4,100.8,101.1,101.3,101.5,102.8,102.6,103.4,103.2,102.7,103.6,102.7,103.1,103.4,102.8,104.0,104.8,104.5,104.2,104.6,104.6,104.8,105.1,105.8,106.0,106.5,107.8,107.7,108.7,109.5,111.0,111.3,111.9,112.7,113.0,113.1,114.0,115.2,115.6,116.1,117.1,117.9,120.7,120.8,123.4,,,,,,,,,,,,,,,,,,,,,,,,,,,,,,,,,,,,,,,,,,,,,,,,,,,,,,,,,,,,,,,,,,,,,,,,,,,,,,,,,,,,,,,,,,,,,,,,,,,,,,,,,,,,,,,,,,,,,,,,,,,,,,,,,,,,,,,,,,,,,,,,,,,,,,,,,,,,,,,,,,,,,,,,,,,,,,,,,,,,,,,,,,,,,,
NZL,196,New Zealand,index,GDP deflator,,,,,,,,,,,,,,,,,,,,,,,,,,,,,,,,,,,,,,,,,,,,,,,,,,,,,,,,,,,,,,,,,,,,,,57.7,58.7,59.5,61.2,61.0,63.8,63.2,63.7,64.3,65.8,67.3,67.3,66.6,67.8,67.3,66.6,67.2,68.3,68.0,68.6,68.6,68.1,69.3,70.5,70.6,70.2,69.7,70.0,69.9,70.8,71.8,71.7,72.0,72.4,72.6,73.3,73.6,74.0,73.9,73.6,74.2,73.9,74.2,74.5,74.7,74.9,75.0,74.5,75.3,75.5,75.1,75.5,76.2,77.0,78.6,79.6,79.8,79.7,81.1,81.2,80.4,81.1,79.8,80.6,81.5,82.1,82.7,82.8,84.2,85.4,85.8,85.8,86.5,87.4,87.1,87.3,89.0,88.5,90.6,91.0,92.0,93.7,94.4,95.7,96.9,95.7,96.9,97.6,96.5,97.5,97.1,98.3,98.3,100.4,103.0,102.1,102.9,103.4,103.1,102.9,103.8,102.3,101.4,102.9,104.3,106.8,109.9,109.1,108.9,108.2,107.6,108.2,109.5,109.1,108.4,109.8,110.2,110.8,112.1,113.5,113.1,114.5,115.7,115.3,115.7,116.6,116.0,116.9,118.5,119.3,120.0,121.4,121.3,121.5,120.8,121.9,123.8,126.0,127.3,129.5,131.6,132.7,,,,,,,,,,,,,,,,,,,,,,,,,,,,,,,,,,,,,,,,,,,,,,,,,,,,,,,,,,,,,,,,,,,,,,,,,,,,,,,,,,,,,,,,,,,,,,,,,,,,,,,,,,,,,,,,,,,,,,,,,,,,,,,,,,,,,,,,,,,,,,,,,,,,,,,,,,,,,,,,,,,,,,,,,,,,,,,,,,,,,,,,,,,,,,
NIC,278,Nicaragua,index,GDP deflator,,,,,,,,,,,,,,,,,,,,,,,,,,,,,,,,,,,,,,,,,,,,,,,,,,,,,,,,,,,,,,,,,,,,,,,,,,,,,,,,,,,,,,,,,,,,,,,,,,,,,,,,,,,,,,,,,,,,,,,,,,,,,,,,,,,,,,,,,,,,,,,,,98.0,99.7,100.1,102.0,107.0,109.4,109.2,112.7,121.1,126.7,131.0,130.8,135.5,134.2,134.8,135.9,141.6,140.0,142.6,149.0,151.2,158.7,158.0,163.9,166.5,166.4,168.4,170.2,175.5,176.5,176.0,173.1,187.3,186.7,193.5,192.0,201.2,204.6,205.6,205.9,213.7,213.3,215.0,213.0,221.5,221.6,221.0,225.8,226.7,229.8,229.5,228.1,236.1,243.3,242.3,242.6,250.9,255.6,254.7,256.1,259.8,260.4,259.6,270.6,277.0,285.6,,,,,,,,,,,,,,,,,,,,,,,,,,,,,,,,,,,,,,,,,,,,,,,,,,,,,,,,,,,,,,,,,,,,,,,,,,,,,,,,,,,,,,,,,,,,,,,,,,,,,,,,,,,,,,,,,,,,,,,,,,,,,,,,,,,,,,,,,,,,,,,,,,,,,,,,,,,,,,,,,,,,,,,,,,,,,,,,,,,,,,,,,,,,,,,
NER,692,Niger,index,GDP deflator,,,,,,,,,,,,,,,,,,,,,,,,,,,,,,,,,,,,,,,,,,,,,,,,,,,,,,,,,,,,,,,,,,,,,,,,,,,,,,,,,,,,,,,,,,,,,,,,,,,,,,,,,,,,,,,,,,,,,,,,,,,,,,,,,,,,,,,,,,,,,,,,,,,,,,,,,,,,,,,,,,,,100.0,100.0,100.0,100.0,107.8,109.4,109.1,111.5,118.2,123.9,118.4,118.4,125.9,132.0,124.4,124.9,130.6,135.1,131.2,133.4,131.1,138.9,135.3,139.9,139.5,145.2,151.2,160.2,164.8,165.5,165.4,168.2,176.7,185.2,184.5,185.0,193.6,206.7,204.4,202.7,212.9,214.0,219.3,222.8,,,,,,,,,,,,,,,,,,,,,,,,,,,,,,,,,,,,,,,,,,,,,,,,,,,,,,,,,,,,,,,,,,,,,,,,,,,,,,,,,,,,,,,,,,,,,,,,,,,,,,,,,,,,,,,,,,,,,,,,,,,,,,,,,,,,,,,,,,,,,,,,,,,,,,,,,,,,,,,,,,,,,,,,,,,,,,,,,,,,,,,,,,,,,,,,,,
MKD,962,North Macedonia,index,GDP deflator,,,,,,,,,,,,,,,,,,,,,,,,,,,,,,,,,,,,,,,,,,,,,,,,,,,,,,,,,,,,,,,,,,,,,,,,,,,,,,,,,,,,,,,,,,,,,,,,,,,,,,,,,,,,,,,,,,,,,,,,,78.5,90.0,88.8,98.4,81.8,92.2,98.1,101.5,91.2,92.2,95.6,96.5,96.8,99.3,95.1,91.6,93.8,95.0,93.2,98.6,90.3,99.5,102.8,106.1,94.7,106.5,105.1,106.2,104.0,108.7,108.5,110.2,107.7,110.2,114.5,122.3,107.7,114.7,117.5,116.7,108.6,118.5,118.0,121.0,113.1,121.3,123.4,125.5,114.6,118.9,127.7,126.9,116.5,127.9,129.2,136.3,124.8,128.8,129.8,134.2,128.9,132.0,132.6,134.5,134.2,135.4,137.9,138.7,136.5,139.6,142.6,142.9,142.8,146.8,145.7,148.3,145.1,147.2,148.2,148.3,149.6,145.1,150.9,150.8,151.8,154.9,155.6,155.8,153.8,160.7,170.2,,,,,,,,,,,,,,,,,,,,,,,,,,,,,,,,,,,,,,,,,,,,,,,,,,,,,,,,,,,,,,,,,,,,,,,,,,,,,,,,,,,,,,,,,,,,,,,,,,,,,,,,,,,,,,,,,,,,,,,,,,,,,,,,,,,,,,,,,,,,,,,,,,,,,,,,,,,,,,,,,,,,,,,,,,,,,,,,,,,,,,,,,,,,,,
NOR,142,Norway,index,GDP deflator,,,,,,,,,,,,,,,,,,,,,,,,,,,,,,,,,21.5,21.6,22.5,23.1,22.8,23.2,23.6,24.0,25.1,26.2,27.0,27.7,28.3,29.9,30.6,30.8,31.7,32.6,33.7,34.3,34.6,35.1,35.5,36.2,36.5,37.8,38.1,37.7,38.2,39.1,40.4,40.4,39.1,38.7,39.0,40.4,40.8,41.7,42.9,43.0,44.0,44.4,44.0,44.2,46.1,47.0,46.6,46.7,47.1,47.2,49.0,50.3,49.3,49.5,49.6,49.5,49.0,49.1,48.9,49.6,50.2,50.3,50.7,49.8,49.8,49.7,50.9,50.3,52.1,52.0,51.2,51.3,53.0,53.1,53.6,55.7,54.8,55.1,55.6,55.9,54.0,54.4,55.6,55.8,55.4,57.1,59.8,61.9,64.3,66.7,68.7,70.8,69.3,70.8,68.4,66.6,66.7,67.6,68.3,68.3,69.4,68.7,70.0,70.5,70.8,72.5,75.1,76.6,76.8,79.2,81.3,83.6,86.3,87.8,87.9,86.8,87.5,89.2,89.5,93.4,97.1,100.2,102.2,98.4,91.8,94.2,95.6,95.8,97.3,98.7,101.2,102.8,104.3,107.0,106.8,108.4,110.9,109.8,110.0,110.3,112.1,111.8,113.6,114.6,113.2,113.5,113.0,111.1,109.9,110.8,109.8,107.5,106.5,108.0,109.1,110.2,112.4,112.1,112.3,114.4,116.3,118.9,122.2,121.7,120.6,118.8,117.6,119.0,118.6,113.4,114.8,117.1,125.0,129.9,136.1,150.2,169.8,175.1,194.0,,,,,,,,,,,,,,,,,,,,,,,,,,,,,,,,,,,,,,,,,,,,,,,,,,,,,,,,,,,,,,,,,,,,,,,,,,,,,,,,,,,,,,,,,,,,,,,,,,,,,,,,,,,,,,,,,,,,,,,,,,,,,,,,,,,,,,,,,,,,,,,,,,,,,,,,,,,,,,,,,,,,,,,,,,,,,,,,,,,,,,,,,,,,,,
PAN,283,Panama,index,GDP deflator,,,,,,,,,,,,,,,,,,,,,,,,,,,,,,,,,,,,,,,,,,,,,,,,,,,,,,,,,,,,,,,,,,,,,,,,,,,,,,,,,,,,,,,,,,,,,,,,,,,,,,,,,,,,,,,,,,,,,,,,,,,,,,,,,,,,,,,,,,,,,,,,,,,,,100.3,100.0,99.9,99.9,103.9,106.5,108.9,110.5,112.5,115.1,114.5,115.7,115.9,117.0,118.2,118.6,121.4,123.7,124.6,127.3,129.1,131.6,132.7,134.3,139.2,139.0,139.3,139.5,142.7,144.8,145.5,147.3,146.4,148.3,149.1,150.9,149.1,150.2,151.9,155.4,153.5,153.4,153.6,156.6,155.0,153.8,155.4,157.1,154.8,154.6,155.8,157.2,156.1,148.4,150.8,153.9,153.5,153.6,156.4,160.1,158.8,157.8,159.5,,,,,,,,,,,,,,,,,,,,,,,,,,,,,,,,,,,,,,,,,,,,,,,,,,,,,,,,,,,,,,,,,,,,,,,,,,,,,,,,,,,,,,,,,,,,,,,,,,,,,,,,,,,,,,,,,,,,,,,,,,,,,,,,,,,,,,,,,,,,,,,,,,,,,,,,,,,,,,,,,,,,,,,,,,,,,,,,,,,,,,,,,,,,,,
PRY,288,Paraguay,index,GDP deflator,,,,,,,,,,,,,,,,,,,,,,,,,,,,,,,,,,,,,,,,,,,,,,,,,,,,,,,,,,,,,,,,,,,,,,,,,,,,,,,,,,,,,,,,,,,,,,,,,14.8,15.2,15.5,15.8,16.8,16.8,17.2,17.4,18.7,18.6,19.1,19.6,19.8,19.5,19.3,20.0,21.4,22.5,23.2,24.2,24.9,24.5,25.3,26.4,28.5,28.6,29.1,29.7,32.1,32.1,33.7,34.2,35.6,36.8,40.4,42.9,44.7,44.4,44.3,45.9,50.3,50.0,50.3,50.1,55.3,56.1,57.0,58.2,60.3,61.1,61.1,64.0,66.7,67.7,70.3,72.9,77.2,77.3,78.2,79.3,80.7,80.3,80.8,81.5,83.4,83.9,84.4,86.5,89.3,88.5,88.7,89.2,91.5,92.2,93.9,95.1,97.2,96.0,97.5,98.2,98.8,99.9,100.2,101.0,96.9,101.3,103.6,104.8,102.0,103.1,109.9,108.2,105.9,107.5,110.0,109.0,106.6,109.4,111.1,113.9,112.2,113.0,114.1,115.0,112.0,114.8,117.4,120.1,120.0,123.4,130.4,130.2,132.9,136.2,136.9,,,,,,,,,,,,,,,,,,,,,,,,,,,,,,,,,,,,,,,,,,,,,,,,,,,,,,,,,,,,,,,,,,,,,,,,,,,,,,,,,,,,,,,,,,,,,,,,,,,,,,,,,,,,,,,,,,,,,,,,,,,,,,,,,,,,,,,,,,,,,,,,,,,,,,,,,,,,,,,,,,,,,,,,,,,,,,,,,,,,,,,,,,,,,,
PER,293,Peru,index,GDP deflator,,,,,,,,,,,,,,,,,,,,,,,,,,,,,,,,,,,,,,,,,,,,,,,,,,,,,,,,,,,,,,,,,,,,,,,,,,,,,0.0,0.0,0.1,0.1,0.3,0.6,5.0,8.9,11.8,15.1,19.0,21.6,23.8,27.3,30.1,33.0,37.1,41.3,43.6,45.6,48.4,51.0,52.9,55.7,56.6,58.4,59.7,61.6,62.7,64.7,65.3,67.5,67.7,69.3,71.1,71.7,73.8,75.5,74.3,72.5,75.5,76.1,75.5,77.4,78.7,79.3,79.2,79.3,80.7,80.3,79.4,79.9,80.2,80.4,79.4,81.8,82.5,82.6,82.3,84.2,87.0,89.0,86.3,87.8,87.6,89.7,88.7,90.9,94.0,98.0,98.4,98.2,100.0,100.0,100.0,100.0,101.5,102.4,102.3,100.4,100.8,102.7,103.7,108.3,107.4,109.1,109.8,113.8,113.9,115.2,116.7,117.5,116.4,116.6,117.2,122.0,119.6,119.0,120.5,120.6,121.7,122.1,124.2,124.9,125.1,126.7,127.1,128.0,129.3,130.7,132.0,134.0,135.2,135.4,137.3,139.0,139.2,139.6,139.2,139.7,139.6,142.4,142.4,142.8,143.1,146.5,148.8,152.3,154.2,156.2,160.3,163.5,160.7,163.8,166.1,,,,,,,,,,,,,,,,,,,,,,,,,,,,,,,,,,,,,,,,,,,,,,,,,,,,,,,,,,,,,,,,,,,,,,,,,,,,,,,,,,,,,,,,,,,,,,,,,,,,,,,,,,,,,,,,,,,,,,,,,,,,,,,,,,,,,,,,,,,,,,,,,,,,,,,,,,,,,,,,,,,,,,,,,,,,,,,,,,,,,,,,,,,,,,
PHL,566,Philippines,index,GDP deflator,,,,,,,,,,,,,,,,,,,,,,,,,,,,,,,,,,,,,,,,,,,,,6.9,7.0,7.1,7.2,7.4,7.6,7.8,7.9,8.2,8.4,8.8,9.7,11.8,12.6,14.3,14.9,15.4,15.5,15.8,15.9,16.0,16.0,16.1,16.4,16.7,16.9,17.6,18.0,18.5,19.0,19.0,19.5,19.7,20.4,21.1,21.6,22.5,22.8,23.5,24.8,26.1,27.1,28.0,27.9,28.5,29.2,29.9,29.9,30.2,30.8,32.1,32.5,33.6,34.2,35.1,35.4,35.6,36.5,37.9,38.7,39.1,39.7,40.9,40.6,41.4,41.7,43.1,44.0,45.0,46.7,47.4,48.9,48.5,49.6,50.3,51.4,51.4,52.3,53.4,54.4,54.7,55.4,56.6,56.8,57.2,58.0,58.6,59.2,59.3,59.4,60.4,61.3,62.0,62.9,64.1,65.5,65.4,66.4,68.2,69.6,69.2,69.9,71.6,72.6,71.9,71.8,73.5,75.1,75.0,77.6,80.2,80.3,78.5,78.2,81.0,84.0,82.2,82.2,84.3,87.2,85.7,85.8,87.6,90.0,87.3,87.4,89.7,91.6,88.6,88.4,91.7,94.7,91.8,91.0,94.3,97.4,92.0,90.7,92.8,96.3,92.3,91.6,94.6,98.0,94.6,93.6,97.0,100.1,97.3,96.8,101.2,104.3,99.2,97.6,101.1,104.6,100.3,99.9,101.7,106.9,102.5,102.7,104.0,108.9,106.8,108.1,110.0,,,,,,,,,,,,,,,,,,,,,,,,,,,,,,,,,,,,,,,,,,,,,,,,,,,,,,,,,,,,,,,,,,,,,,,,,,,,,,,,,,,,,,,,,,,,,,,,,,,,,,,,,,,,,,,,,,,,,,,,,,,,,,,,,,,,,,,,,,,,,,,,,,,,,,,,,,,,,,,,,,,,,,,,,,,,,,,,,,,,,,,,,,,,,,
POL,964,Poland,index,GDP deflator,,,,,,,,,,,,,,,,,,,,,,,,,,,,,,,,,,,,,,,,,,,,,,,,,,,,,,,,,,,,,,,,,,,,,,,,,,,,,,,,,,,,,,,,,,,,,,,,,,,,,43.9,45.3,46.6,45.5,50.2,51.7,53.6,57.9,57.8,59.7,61.7,62.9,64.9,66.6,68.0,69.3,69.4,70.5,71.8,74.2,74.8,75.8,76.9,76.7,77.1,78.5,78.8,79.2,80.2,79.6,79.8,79.7,79.8,80.3,80.2,81.0,82.4,83.1,84.8,86.8,86.2,87.5,87.0,85.8,86.7,86.3,87.7,91.2,89.7,91.0,91.3,93.0,93.5,94.2,95.4,96.5,97.9,98.2,99.2,98.9,99.0,100.0,100.3,100.7,102.2,102.4,103.1,104.5,104.5,105.6,105.9,105.3,105.2,105.5,105.3,106.7,106.5,106.1,106.8,105.4,106.6,107.4,107.2,108.9,107.7,107.7,107.9,107.7,109.1,109.4,109.7,109.7,110.0,110.1,111.0,112.2,112.8,114.3,113.8,115.9,116.6,118.5,118.4,123.2,124.2,124.5,123.6,129.0,130.5,137.4,138.5,,,,,,,,,,,,,,,,,,,,,,,,,,,,,,,,,,,,,,,,,,,,,,,,,,,,,,,,,,,,,,,,,,,,,,,,,,,,,,,,,,,,,,,,,,,,,,,,,,,,,,,,,,,,,,,,,,,,,,,,,,,,,,,,,,,,,,,,,,,,,,,,,,,,,,,,,,,,,,,,,,,,,,,,,,,,,,,,,,,,,,,,,,,,,,
PRT,182,Portugal,index,GDP deflator,,,,,,,,,,,,,,,,,,,,,,,,,,,,,,,,,,,,,,,,,,,,,,,,,,,,,,,,,,,,,,,,,,,,,,,,,,,,,,,,,,,,,,,,,,,,,,,,,,,,,64.6,64.9,65.3,65.7,65.9,66.1,67.2,67.5,68.4,68.9,69.6,70.1,71.0,71.6,72.2,72.8,73.6,74.2,74.3,75.2,75.7,76.6,77.4,77.8,78.7,79.4,80.0,80.9,81.7,82.7,83.5,84.4,84.7,86.1,86.0,86.8,86.7,87.6,88.1,89.5,89.4,90.5,91.3,92.5,92.5,93.3,94.2,95.3,95.9,96.3,96.7,97.5,97.7,98.3,98.2,99.0,98.7,99.4,99.3,100.0,99.9,99.5,100.3,100.3,100.2,99.6,99.8,99.4,99.0,98.5,99.4,100.6,100.9,101.0,102.4,102.0,102.2,102.0,102.8,102.2,103.6,104.2,104.8,104.9,105.8,106.0,106.3,106.4,106.8,107.7,108.2,108.4,109.2,109.4,110.1,110.2,111.3,111.1,112.0,112.0,113.0,115.2,113.7,113.8,115.7,115.1,115.6,115.5,117.0,119.8,121.3,,,,,,,,,,,,,,,,,,,,,,,,,,,,,,,,,,,,,,,,,,,,,,,,,,,,,,,,,,,,,,,,,,,,,,,,,,,,,,,,,,,,,,,,,,,,,,,,,,,,,,,,,,,,,,,,,,,,,,,,,,,,,,,,,,,,,,,,,,,,,,,,,,,,,,,,,,,,,,,,,,,,,,,,,,,,,,,,,,,,,,,,,,,,,,
QAT,453,Qatar,index,GDP deflator,,,,,,,,,,,,,,,,,,,,,,,,,,,,,,,,,,,,,,,,,,,,,,,,,,,,,,,,,,,,,,,,,,,,,,,,,,,,,,,,,,,,,,,,,,,,,,,,,,,,,,,,,,,,,,,,,,,,,,,,,,,,,,,,,,,,,,,,,,,,,,,,,,,,,,,,,,,,,,,,,93.9,94.5,94.1,98.8,106.6,115.5,115.9,120.7,123.3,121.0,119.4,124.4,126.9,120.1,119.9,124.8,128.8,124.8,120.0,111.2,96.7,92.6,88.4,85.3,80.4,80.8,82.1,86.7,90.6,86.6,86.1,92.5,98.1,99.1,100.9,101.8,98.4,95.9,93.3,94.4,91.0,73.9,76.5,82.6,91.4,96.6,104.2,104.8,118.8,127.8,,,,,,,,,,,,,,,,,,,,,,,,,,,,,,,,,,,,,,,,,,,,,,,,,,,,,,,,,,,,,,,,,,,,,,,,,,,,,,,,,,,,,,,,,,,,,,,,,,,,,,,,,,,,,,,,,,,,,,,,,,,,,,,,,,,,,,,,,,,,,,,,,,,,,,,,,,,,,,,,,,,,,,,,,,,,,,,,,,,,,,,,,,,,,,,
ROU,968,Romania,index,GDP deflator,,,,,,,,,,,,,,,,,,,,,,,,,,,,,,,,,,,,,,,,,,,,,,,,,,,,,,,,,,,,,,,,,,,,,,,,,,,,,,,,,,,,,,,,,,,,,,,,,,,,,1.9,2.0,2.2,2.4,2.5,2.8,3.2,3.6,5.3,6.3,7.7,8.8,9.0,9.9,11.0,12.0,13.0,15.1,16.2,18.0,19.7,21.0,23.2,25.5,27.9,30.3,31.7,33.9,34.7,37.5,38.9,41.1,43.2,45.7,48.0,50.4,50.9,53.6,55.1,57.5,58.9,59.2,62.1,63.5,65.5,66.3,68.1,70.1,74.5,76.7,78.7,81.9,86.6,88.8,92.1,94.3,92.0,94.6,93.7,97.3,97.6,100.6,100.8,100.9,105.1,104.0,103.5,104.5,105.5,107.5,109.0,110.2,107.8,109.1,110.4,111.1,110.2,112.3,111.9,111.9,115.0,113.4,116.3,116.0,116.4,118.3,118.5,119.2,120.6,121.3,125.6,125.3,127.2,130.0,133.3,134.0,135.5,139.3,141.1,144.8,142.8,138.9,146.9,152.8,150.5,151.8,151.9,157.4,173.1,178.4,176.2,,,,,,,,,,,,,,,,,,,,,,,,,,,,,,,,,,,,,,,,,,,,,,,,,,,,,,,,,,,,,,,,,,,,,,,,,,,,,,,,,,,,,,,,,,,,,,,,,,,,,,,,,,,,,,,,,,,,,,,,,,,,,,,,,,,,,,,,,,,,,,,,,,,,,,,,,,,,,,,,,,,,,,,,,,,,,,,,,,,,,,,,,,,,,,
RUS,922,Russian Federation,index,GDP deflator,,,,,,,,,,,,,,,,,,,,,,,,,,,,,,,,,,,,,,,,,,,,,,,,,,,,,,,,,,,,,,,,,,,,,,,,,,,,,,,,,,,,,,,,,,,,,,,,,,,,,2.4,3.2,3.9,4.0,4.4,4.8,5.3,5.2,5.3,5.7,6.0,5.7,5.8,6.2,7.0,7.9,9.6,11.0,12.7,12.7,14.6,15.4,17.0,16.5,17.3,18.2,19.6,19.0,19.9,20.9,22.8,22.1,23.3,23.8,25.6,24.7,26.8,28.2,30.4,31.5,32.1,34.0,36.5,36.8,38.9,39.4,42.0,40.6,42.1,44.3,47.5,48.7,50.5,54.1,57.9,53.5,52.2,55.0,57.2,55.9,60.2,62.2,63.9,65.2,70.6,73.2,75.1,74.8,77.9,79.5,81.6,81.0,83.0,83.3,86.2,84.6,87.9,90.1,91.9,92.3,95.2,96.4,99.2,97.8,97.5,99.5,101.2,101.4,105.0,104.2,105.1,106.9,111.7,115.5,117.5,118.1,120.7,121.6,119.1,117.8,120.1,116.8,120.6,123.6,131.4,138.0,143.0,146.8,162.1,161.4,159.7,,,,,,,,,,,,,,,,,,,,,,,,,,,,,,,,,,,,,,,,,,,,,,,,,,,,,,,,,,,,,,,,,,,,,,,,,,,,,,,,,,,,,,,,,,,,,,,,,,,,,,,,,,,,,,,,,,,,,,,,,,,,,,,,,,,,,,,,,,,,,,,,,,,,,,,,,,,,,,,,,,,,,,,,,,,,,,,,,,,,,,,,,,,,,,
RWA,714,Rwanda,index,GDP deflator,,,,,,,,,,,,,,,,,,,,,,,,,,,,,,,,,,,,,,,,,,,,,,,,,,,,,,,,,,,,,,,,,,,,,,,,,,,,,,,,,,,,,,,,,,,,,,,,,,,,,,,,,,,,,,,,,,,,,,,,,,,,,,,,,,,,,,,,,,,,,,,,,49.0,52.0,50.0,52.0,55.0,58.0,58.0,58.0,60.0,64.0,67.0,70.0,69.0,69.0,70.0,72.0,72.0,72.0,73.0,74.0,75.0,79.0,78.0,79.0,80.0,82.0,82.0,82.0,83.0,83.0,84.0,85.0,87.0,88.0,87.0,87.0,87.0,87.0,88.0,89.0,89.0,91.0,93.0,97.0,99.0,101.0,99.0,101.0,99.0,100.0,99.0,99.0,99.0,102.0,101.0,105.0,107.0,108.0,110.0,110.0,111.0,110.0,112.0,114.0,120.0,125.0,132.0,,,,,,,,,,,,,,,,,,,,,,,,,,,,,,,,,,,,,,,,,,,,,,,,,,,,,,,,,,,,,,,,,,,,,,,,,,,,,,,,,,,,,,,,,,,,,,,,,,,,,,,,,,,,,,,,,,,,,,,,,,,,,,,,,,,,,,,,,,,,,,,,,,,,,,,,,,,,,,,,,,,,,,,,,,,,,,,,,,,,,,,,,,,,,,
SAU,456,Saudi Arabia,index,GDP deflator,,,,,,,,,,,,,,,,,,,,,,,,,,,,,,,,,,,,,,,,,,,,,,,,,,,,,,,,,,,,,,,,,,,,,,,,,,,,,,,,,,,,,,,,,,,,,,,,,,,,,,,,,,,,,,,,,,,,,,,,,,,,,,,,,,,,,,,,,,,,,,,,,,,,,,,,,,,,,,,,,100.0,100.0,100.0,100.0,113.0,119.0,115.9,114.3,123.4,120.2,119.4,117.7,121.6,120.1,118.4,114.9,121.5,121.5,119.4,102.2,101.9,100.8,95.9,87.3,89.2,94.7,94.5,95.3,99.0,99.2,100.9,102.9,111.3,119.9,118.3,115.7,110.1,116.6,115.9,113.8,106.6,94.6,108.1,106.6,112.7,120.8,123.3,121.2,135.4,153.4,143.1,,,,,,,,,,,,,,,,,,,,,,,,,,,,,,,,,,,,,,,,,,,,,,,,,,,,,,,,,,,,,,,,,,,,,,,,,,,,,,,,,,,,,,,,,,,,,,,,,,,,,,,,,,,,,,,,,,,,,,,,,,,,,,,,,,,,,,,,,,,,,,,,,,,,,,,,,,,,,,,,,,,,,,,,,,,,,,,,,,,,,,,,,,,,,,
SEN,722,Senegal,index,GDP deflator,,,,,,,,,,,,,,,,,,,,,,,,,,,,,,,,,,,,,,,,,,,,,,,,,,,,,,,,,,,,,,,,,,,,,,,,,,,,,,,,,,,,,,,,,,,,,,,,,,,,,,,,,,,,,,,,,,,,,,,,,,,,,,,,,,,,,,,,,,,,,,,,,,,,,,,,,95.2,97.0,96.4,96.0,95.7,94.7,93.9,94.7,94.3,95.9,95.9,97.4,99.6,99.1,100.1,101.3,101.4,101.1,102.1,102.4,101.6,102.3,102.9,102.3,106.2,99.9,97.8,96.6,101.1,103.0,99.1,100.8,103.0,101.4,100.9,101.9,104.6,103.4,101.9,100.1,102.3,102.4,100.9,101.0,102.9,104.9,103.7,103.4,105.7,105.8,105.1,104.3,103.6,104.4,105.1,104.9,110.8,113.3,115.4,,,,,,,,,,,,,,,,,,,,,,,,,,,,,,,,,,,,,,,,,,,,,,,,,,,,,,,,,,,,,,,,,,,,,,,,,,,,,,,,,,,,,,,,,,,,,,,,,,,,,,,,,,,,,,,,,,,,,,,,,,,,,,,,,,,,,,,,,,,,,,,,,,,,,,,,,,,,,,,,,,,,,,,,,,,,,,,,,,,,,,,,,,,,,,
SRB,942,Serbia,index,GDP deflator,,,,,,,,,,,,,,,,,,,,,,,,,,,,,,,,,,,,,,,,,,,,,,,,,,,,,,,,,,,,,,,,,,,,,,,,,,,,,,,,,,,,,,,,,,,,,,,,,,,,,2.8,2.9,3.3,4.0,5.1,5.9,6.5,6.7,6.8,7.3,7.5,7.6,8.2,9.1,9.4,9.7,10.5,10.7,11.8,13.3,15.7,18.4,21.9,28.4,34.0,38.5,41.5,43.0,43.8,46.0,48.3,50.0,50.7,53.0,54.0,54.7,54.4,56.4,58.6,59.3,62.7,64.4,66.8,68.2,70.7,73.2,74.9,75.9,77.9,79.1,81.1,82.9,85.6,87.3,88.0,89.9,93.1,94.8,95.2,96.0,95.9,98.4,101.5,104.1,107.0,109.1,109.3,110.1,111.1,113.6,117.2,120.4,121.1,121.5,121.6,122.8,123.8,124.1,125.5,126.0,125.6,127.2,127.6,128.4,127.9,128.6,129.1,131.0,132.0,132.3,132.8,134.5,134.6,134.7,136.1,136.8,137.3,138.6,139.1,139.9,141.8,142.1,142.7,143.3,145.4,149.4,151.7,155.3,157.4,163.0,169.1,,,,,,,,,,,,,,,,,,,,,,,,,,,,,,,,,,,,,,,,,,,,,,,,,,,,,,,,,,,,,,,,,,,,,,,,,,,,,,,,,,,,,,,,,,,,,,,,,,,,,,,,,,,,,,,,,,,,,,,,,,,,,,,,,,,,,,,,,,,,,,,,,,,,,,,,,,,,,,,,,,,,,,,,,,,,,,,,,,,,,,,,,,,,,,
SGP,576,Singapore,index,GDP deflator,,,,,,,,,,,,,,,,,,,,,43.6,43.7,44.2,45.4,44.5,44.6,45.1,45.9,45.7,45.3,45.9,46.6,47.9,47.2,47.5,48.4,48.7,49.3,51.1,51.8,55.1,55.1,56.1,57.0,57.9,57.8,59.8,60.9,61.4,60.4,61.7,63.6,62.4,63.7,64.7,64.3,63.4,63.6,64.7,65.4,64.1,63.3,63.5,62.5,62.5,61.9,62.1,63.7,61.7,62.0,63.0,64.6,64.5,64.8,66.7,68.9,67.6,67.2,69.5,71.7,70.9,71.0,72.5,74.7,74.0,74.4,75.9,77.6,75.4,75.5,76.5,78.6,78.2,77.9,79.1,81.3,80.4,80.5,82.3,84.4,84.0,83.7,83.9,86.4,85.2,85.0,85.1,87.9,85.5,86.2,86.6,88.6,87.2,86.0,85.5,83.8,80.4,82.3,82.6,84.7,83.2,84.2,86.5,88.8,85.5,84.0,83.5,83.6,84.5,82.9,82.3,83.9,84.3,80.7,80.3,82.3,84.6,82.8,85.6,87.5,86.9,85.4,86.1,88.6,87.1,87.8,88.1,90.3,91.4,93.3,93.1,96.4,91.4,92.3,93.3,92.3,93.3,93.2,94.1,99.2,96.5,93.4,96.1,98.4,98.2,96.4,96.1,98.2,98.7,97.4,96.3,98.4,98.3,96.2,96.6,98.1,97.6,95.8,96.6,98.1,100.8,98.6,99.5,101.1,100.4,98.5,99.7,103.0,104.2,101.1,101.1,106.6,104.4,104.5,107.5,110.9,107.0,105.1,106.5,107.4,105.4,101.7,102.2,103.7,106.0,108.2,107.9,107.8,112.8,115.3,114.8,,,,,,,,,,,,,,,,,,,,,,,,,,,,,,,,,,,,,,,,,,,,,,,,,,,,,,,,,,,,,,,,,,,,,,,,,,,,,,,,,,,,,,,,,,,,,,,,,,,,,,,,,,,,,,,,,,,,,,,,,,,,,,,,,,,,,,,,,,,,,,,,,,,,,,,,,,,,,,,,,,,,,,,,,,,,,,,,,,,,,,,,,,,,,,
SVK,936,Slovakia,index,GDP deflator,,,,,,,,,,,,,,,,,,,,,,,,,,,,,,,,,,,,,,,,,,,,,,,,,,,,,,,,,,,,,,,,,,,,,,,,,,,,,,,,,,,,,,,,,,,,,,,,,,,,,53.1,59.7,55.1,55.6,57.0,58.2,58.7,59.7,60.3,60.8,61.4,62.4,62.9,64.2,66.2,63.6,66.3,68.6,69.7,70.7,72.9,74.3,76.2,78.0,78.1,79.2,79.7,79.8,81.1,81.8,82.7,83.8,84.4,86.1,87.5,88.8,90.7,91.1,92.1,92.8,93.3,93.7,94.2,94.9,95.1,96.6,97.3,98.0,98.2,98.2,99.1,96.0,101.2,101.4,100.7,99.3,100.1,99.4,99.1,99.4,99.4,99.7,100.4,100.5,100.9,101.7,101.8,102.3,102.5,102.7,103.2,103.4,103.6,103.6,103.4,103.4,103.4,103.3,103.4,103.1,103.2,103.1,103.0,103.0,102.4,102.5,102.4,102.8,103.1,103.5,104.0,104.5,104.9,105.6,106.4,106.6,107.6,108.3,108.7,109.5,110.6,110.7,111.2,111.8,111.4,112.8,114.5,116.3,118.4,121.2,123.4,,,,,,,,,,,,,,,,,,,,,,,,,,,,,,,,,,,,,,,,,,,,,,,,,,,,,,,,,,,,,,,,,,,,,,,,,,,,,,,,,,,,,,,,,,,,,,,,,,,,,,,,,,,,,,,,,,,,,,,,,,,,,,,,,,,,,,,,,,,,,,,,,,,,,,,,,,,,,,,,,,,,,,,,,,,,,,,,,,,,,,,,,,,,,,
SVN,961,Slovenia,index,GDP deflator,,,,,,,,,,,,,,,,,,,,,,,,,,,,,,,,,,,,,,,,,,,,,,,,,,,,,,,,,,,,,,,,,,,,,,,,,,,,,,,,,,,,,,,,,,,,,,,,,,,,,44.8,45.6,47.0,48.5,49.8,51.3,52.6,53.2,54.5,55.5,56.5,58.0,58.9,59.5,60.7,61.9,63.4,62.4,64.8,65.8,66.0,67.1,68.5,69.8,71.5,73.0,74.8,76.0,77.6,79.2,79.9,80.6,82.2,83.5,84.2,84.8,85.5,85.5,86.7,87.4,87.3,87.8,87.8,88.4,88.9,89.5,90.2,91.1,92.2,93.2,94.2,95.2,95.8,96.6,98.3,100.4,100.9,101.0,101.1,101.2,100.0,100.1,99.9,100.0,101.1,101.2,101.1,101.3,101.3,101.8,101.4,102.5,102.8,103.3,103.9,103.6,103.6,104.0,103.9,103.4,104.4,104.3,104.4,105.2,105.6,104.9,105.6,106.2,106.0,107.1,107.7,108.4,108.9,109.4,110.1,110.2,111.1,111.9,112.7,112.8,113.3,114.1,112.0,113.4,114.5,116.2,116.3,116.9,119.8,123.3,128.3,,,,,,,,,,,,,,,,,,,,,,,,,,,,,,,,,,,,,,,,,,,,,,,,,,,,,,,,,,,,,,,,,,,,,,,,,,,,,,,,,,,,,,,,,,,,,,,,,,,,,,,,,,,,,,,,,,,,,,,,,,,,,,,,,,,,,,,,,,,,,,,,,,,,,,,,,,,,,,,,,,,,,,,,,,,,,,,,,,,,,,,,,,,,,,
ZAF,199,South Africa,index,GDP deflator,1.0,1.0,1.0,1.1,1.1,1.1,1.1,1.2,1.2,1.2,1.2,1.3,1.3,1.4,1.4,1.5,1.6,1.6,1.6,1.8,1.8,1.8,1.8,1.9,1.9,2.0,2.0,2.1,2.1,2.2,2.2,2.3,2.3,2.4,2.5,2.6,2.7,2.7,2.7,3.0,3.3,3.4,3.4,3.6,3.8,3.7,3.7,4.1,4.2,4.2,4.4,4.8,5.0,5.0,5.2,5.3,5.4,5.6,5.8,6.0,6.2,6.5,6.7,7.0,7.1,7.6,7.9,8.2,8.3,8.7,8.9,9.5,9.5,10.1,10.3,10.9,11.1,11.8,12.5,12.5,12.8,13.6,14.3,14.6,14.9,15.5,16.5,17.0,17.3,17.7,18.6,19.7,19.8,20.5,21.2,21.5,22.6,22.4,22.8,23.4,24.6,25.1,25.6,25.9,26.7,27.2,27.7,27.7,28.9,29.3,29.9,30.1,31.2,31.8,32.3,32.4,33.4,33.3,34.8,35.0,36.3,36.8,37.8,38.1,39.9,39.6,40.2,40.9,43.9,44.7,45.8,46.3,47.9,47.3,48.3,48.9,50.6,50.2,51.3,51.9,52.7,53.0,54.4,55.2,55.8,56.2,58.5,57.8,61.0,60.9,62.5,62.8,65.3,65.7,68.1,67.5,71.0,72.1,73.7,72.9,74.4,77.4,77.5,78.2,78.8,81.1,82.0,82.6,83.2,85.1,85.5,86.0,88.0,90.2,90.5,90.9,93.7,94.7,95.6,95.0,97.6,100.6,100.7,101.0,104.8,107.8,107.8,107.4,110.7,112.5,113.8,114.1,114.5,117.2,117.7,118.7,119.7,122.2,123.1,124.8,126.6,127.4,129.5,133.9,134.2,138.3,138.0,139.3,139.1,145.8,144.7,,,,,,,,,,,,,,,,,,,,,,,,,,,,,,,,,,,,,,,,,,,,,,,,,,,,,,,,,,,,,,,,,,,,,,,,,,,,,,,,,,,,,,,,,,,,,,,,,,,,,,,,,,,,,,,,,,,,,,,,,,,,,,,,,,,,,,,,,,,,,,,,,,,,,,,,,,,,,,,,,,,,,,,,,,,,,,,,,,,,,,,,,,,,,,
ESP,184,Spain,index,GDP deflator,,,,,,,,,,,,,,,,,,,,,,,,,,,,,,,,,,,,,,,,,,,,,,,,,,,,,,,,,,,,,,,,,,,,,,,,,,,,,,,,,,,,,,,,,,,,,,,,,,,,,63.9,64.4,64.9,65.6,66.1,66.6,67.3,67.7,67.7,67.9,68.6,69.9,69.1,69.9,70.4,71.7,71.4,71.6,72.0,73.1,73.6,74.0,74.6,75.5,76.4,77.0,77.9,78.7,79.6,80.4,81.1,81.7,82.4,83.7,84.2,85.0,86.0,86.4,87.3,88.7,89.2,90.2,91.1,92.2,92.9,94.0,94.8,95.5,96.8,97.3,97.2,98.7,99.4,99.7,99.4,100.3,100.6,99.9,99.5,99.4,100.1,99.6,99.9,100.4,100.0,100.3,100.1,99.6,100.1,100.1,100.1,99.2,100.5,100.3,100.2,99.9,100.3,100.1,99.9,99.9,100.8,100.6,100.6,100.4,100.5,100.8,101.1,101.2,101.8,102.1,102.0,102.9,102.8,103.3,103.6,104.2,104.7,104.7,104.8,105.8,105.6,106.0,106.4,107.1,107.5,107.4,108.7,111.1,111.1,111.2,112.7,,,,,,,,,,,,,,,,,,,,,,,,,,,,,,,,,,,,,,,,,,,,,,,,,,,,,,,,,,,,,,,,,,,,,,,,,,,,,,,,,,,,,,,,,,,,,,,,,,,,,,,,,,,,,,,,,,,,,,,,,,,,,,,,,,,,,,,,,,,,,,,,,,,,,,,,,,,,,,,,,,,,,,,,,,,,,,,,,,,,,,,,,,,,,,
LKA,524,Sri Lanka,index,GDP deflator,,,,,,,,,,,,,,,,,,,,,,,,,,,,,,,,,,,,,,,,,,,,,,,,,,,,,,,,,,,,,,,,,,,,,,,,,,,,,,,,,,,,,,,,,,,,,,,,,,,,,,,,,,,,,,,,,,,,,,,,,,,,,,,,,,,,,,,,,,,,,,,,,,,,,,,,,,,,,,,,,,,,,,,,,,,,,,,,,,,,,99.0,100.0,99.0,103.0,104.0,106.0,106.0,107.0,108.0,112.0,114.0,111.0,116.0,116.0,115.0,117.0,119.0,122.0,120.0,121.0,123.0,124.0,124.0,125.0,130.0,133.0,135.0,139.0,155.0,,,,,,,,,,,,,,,,,,,,,,,,,,,,,,,,,,,,,,,,,,,,,,,,,,,,,,,,,,,,,,,,,,,,,,,,,,,,,,,,,,,,,,,,,,,,,,,,,,,,,,,,,,,,,,,,,,,,,,,,,,,,,,,,,,,,,,,,,,,,,,,,,,,,,,,,,,,,,,,,,,,,,,,,,,,,,,,,,,,,,,,,,,,,,,,,
SWE,144,Sweden,index,GDP deflator,,,,,,,,,,,,,,,,,,,,,,,,,,,,,,,,,,,,,,,,,,,,,27.9,28.2,28.8,29.0,29.6,30.7,31.0,31.8,32.6,33.4,34.2,35.0,35.4,36.0,36.5,37.5,38.3,38.1,38.8,39.3,39.8,40.8,41.7,41.9,42.0,42.7,43.4,44.1,44.6,45.6,46.4,47.6,48.5,49.1,49.5,51.3,52.7,54.2,54.4,55.4,58.0,58.6,58.9,58.6,59.0,58.7,59.3,60.0,73.6,73.6,74.8,75.3,75.7,76.0,76.4,77.0,78.1,79.1,79.6,79.7,80.2,79.5,80.7,79.4,80.5,81.0,81.1,81.8,81.6,81.7,81.5,82.2,82.1,82.3,82.6,83.2,83.1,83.6,84.1,84.2,84.8,86.2,85.6,86.7,86.7,87.1,87.2,87.6,88.4,88.2,88.8,88.9,88.7,88.9,89.5,89.0,89.0,89.2,89.9,90.3,90.6,91.0,91.1,91.8,92.9,93.5,93.4,94.9,95.6,95.8,96.9,98.8,98.5,98.9,99.1,99.4,99.8,99.4,100.2,100.7,100.7,101.0,101.4,101.2,101.3,102.3,102.1,102.4,102.5,102.7,103.2,103.6,104.0,104.6,105.0,105.3,106.5,107.0,107.2,107.4,107.6,108.3,108.9,110.1,110.5,111.1,110.4,111.9,113.0,113.4,113.5,114.6,116.1,116.2,116.4,117.3,118.6,119.3,117.6,120.0,121.1,120.9,122.3,125.4,125.8,129.4,130.2,,,,,,,,,,,,,,,,,,,,,,,,,,,,,,,,,,,,,,,,,,,,,,,,,,,,,,,,,,,,,,,,,,,,,,,,,,,,,,,,,,,,,,,,,,,,,,,,,,,,,,,,,,,,,,,,,,,,,,,,,,,,,,,,,,,,,,,,,,,,,,,,,,,,,,,,,,,,,,,,,,,,,,,,,,,,,,,,,,,,,,,,,,,,,,
CHE,146,Switzerland,index,GDP deflator,,,,,,,,,,,,,,,,,,,,,,,,,,,,,,,,,,,,,,,,,54.5,55.1,55.7,56.3,57.1,57.8,58.9,60.3,61.3,62.5,63.4,64.1,63.8,64.1,64.4,65.1,66.0,66.7,67.0,67.3,67.5,68.0,68.4,69.1,69.8,70.2,70.6,70.8,71.2,71.5,72.1,72.7,72.9,73.5,74.2,74.8,75.4,76.0,76.8,77.4,78.3,79.4,80.5,81.6,82.9,83.9,84.9,85.4,85.6,85.9,86.1,86.6,87.1,87.8,88.4,88.8,89.0,89.2,89.1,89.1,89.3,89.6,90.0,90.1,89.8,90.5,89.9,89.8,89.7,89.5,89.6,89.5,89.5,89.6,89.5,89.1,89.2,89.0,89.8,89.8,90.2,90.3,91.0,91.1,91.6,91.4,91.7,91.5,91.4,90.9,91.4,91.6,92.0,92.5,92.5,92.6,92.4,92.7,92.4,93.2,93.1,93.2,93.6,94.1,94.7,95.3,95.9,96.3,97.3,97.7,98.0,98.2,98.9,98.9,99.2,100.1,100.0,99.6,99.5,99.6,99.8,100.1,100.0,100.1,100.0,100.0,99.9,100.0,100.2,100.2,99.7,100.1,100.0,100.0,99.9,99.9,99.7,99.5,99.3,98.8,98.6,98.1,97.9,97.7,97.8,97.7,97.5,97.0,96.9,96.7,97.4,97.4,97.3,97.9,98.0,98.2,98.1,97.9,97.6,97.6,97.2,97.0,96.9,97.0,97.1,97.8,98.3,98.9,100.2,101.1,101.9,,,,,,,,,,,,,,,,,,,,,,,,,,,,,,,,,,,,,,,,,,,,,,,,,,,,,,,,,,,,,,,,,,,,,,,,,,,,,,,,,,,,,,,,,,,,,,,,,,,,,,,,,,,,,,,,,,,,,,,,,,,,,,,,,,,,,,,,,,,,,,,,,,,,,,,,,,,,,,,,,,,,,,,,,,,,,,,,,,,,,,,,,,,,,,
TWN,528,"Taiwan, China",index,GDP deflator,26.0,26.9,27.1,26.6,26.9,27.2,27.5,27.7,28.3,28.6,29.4,28.8,30.2,31.5,33.7,36.6,42.1,44.4,43.9,42.0,43.9,43.9,43.8,42.9,45.6,46.2,46.5,44.9,47.0,47.8,49.4,48.3,49.0,50.4,51.7,51.5,54.1,55.5,57.8,57.2,62.8,63.7,65.9,66.9,70.7,71.9,72.9,71.7,73.9,73.9,74.2,72.5,76.0,76.5,75.5,74.3,77.1,77.5,77.0,74.7,77.7,77.0,76.5,75.2,80.6,80.4,81.2,79.2,81.9,79.7,80.9,79.1,81.1,79.4,80.6,80.5,83.3,81.2,81.9,83.5,87.6,86.6,85.6,87.0,91.1,89.5,88.5,89.9,93.2,92.1,91.3,93.7,97.2,95.4,94.7,96.0,99.4,96.8,96.5,97.3,100.2,98.4,98.9,101.5,103.6,101.4,101.6,102.0,106.2,102.6,102.6,106.1,110.6,107.0,106.1,107.5,110.0,104.8,103.7,104.5,107.4,102.8,103.4,105.4,107.2,102.6,102.8,103.7,107.6,101.9,103.3,102.1,105.2,102.6,101.4,100.0,104.1,101.6,101.5,98.8,103.2,98.7,99.3,98.6,101.6,98.1,97.7,97.4,100.9,96.9,97.7,97.3,98.5,95.1,93.0,95.6,99.9,94.7,94.7,93.8,98.3,94.5,93.8,91.6,96.0,90.7,91.8,91.2,95.5,92.1,92.7,91.9,96.6,93.8,93.7,93.7,97.2,95.3,95.4,96.3,101.2,98.0,99.1,98.8,103.7,98.7,98.6,99.2,102.5,97.3,98.7,98.4,101.2,97.9,97.4,98.0,101.0,97.9,97.7,97.4,100.9,100.0,100.1,100.0,103.9,102.3,102.1,102.7,106.5,104.5,103.6,,,,,,,,,,,,,,,,,,,,,,,,,,,,,,,,,,,,,,,,,,,,,,,,,,,,,,,,,,,,,,,,,,,,,,,,,,,,,,,,,,,,,,,,,,,,,,,,,,,,,,,,,,,,,,,,,,,,,,,,,,,,,,,,,,,,,,,,,,,,,,,,,,,,,,,,,,,,,,,,,,,,,,,,,,,,,,,,,,,,,,,,,,,,,,
TZA,738,"Tanzania, United Rep.",index,GDP deflator,,,,,,,,,,,,,,,,,,,,,,,,,,,,,,,,,,,,,,,,,,,,,,,,,,,,,,,,,,,,,,,,,,,,,,,,,,,,,,,,,,,,,,,,,,,,,,,,,,,,,,,,,,,,,,,,,,,,,,,,,,,,,,,,,,,,,,,,,,,,,,,,,,,,,,,,,,,,,,,,,64.7,62.3,65.5,67.4,69.4,69.7,73.6,75.8,78.2,79.5,80.2,81.6,86.0,87.0,87.9,89.4,92.2,92.7,93.4,93.5,97.6,99.5,100.6,102.1,105.0,109.1,107.2,108.6,110.7,111.8,108.7,110.0,113.5,112.7,113.4,109.0,112.3,114.0,112.1,114.8,116.5,117.8,116.2,117.7,117.5,120.1,119.0,120.1,124.6,129.4,126.3,,,,,,,,,,,,,,,,,,,,,,,,,,,,,,,,,,,,,,,,,,,,,,,,,,,,,,,,,,,,,,,,,,,,,,,,,,,,,,,,,,,,,,,,,,,,,,,,,,,,,,,,,,,,,,,,,,,,,,,,,,,,,,,,,,,,,,,,,,,,,,,,,,,,,,,,,,,,,,,,,,,,,,,,,,,,,,,,,,,,,,,,,,,,,,
THA,578,Thailand,index,GDP deflator,,,,,,,,,,,,,,,,,,,,,,,,,,,,,,,,,,,,,,,,,,,,,,,,,,,,,,,,,,,,,,,,,,,,,,,,,,,,,,,,,,,,,,,,,,,,,73.8,75.2,76.6,75.0,77.5,77.9,79.5,79.7,83.4,82.7,83.9,82.8,86.2,86.6,87.3,86.3,88.6,88.9,91.2,93.2,100.1,98.7,97.4,94.8,96.0,95.2,94.9,94.8,94.6,95.6,97.4,98.4,97.7,99.2,99.2,97.3,99.3,99.8,100.3,100.6,77.6,78.1,78.8,79.5,77.8,81.0,80.1,80.9,82.0,81.8,84.6,86.3,87.2,87.6,87.9,87.2,88.7,90.7,91.6,93.4,93.3,95.1,96.1,93.9,94.6,95.4,94.9,96.8,98.9,99.7,100.2,101.2,103.3,104.0,104.9,99.6,103.7,104.7,106.5,107.7,106.7,107.1,107.9,108.6,108.7,109.8,109.1,109.0,109.3,109.7,110.3,110.3,111.3,112.8,113.4,113.9,114.3,114.2,115.2,116.2,115.3,116.3,117.6,117.3,117.0,118.2,118.0,118.1,117.3,114.7,116.4,116.8,117.7,117.8,118.7,119.8,122.2,124.3,125.8,,,,,,,,,,,,,,,,,,,,,,,,,,,,,,,,,,,,,,,,,,,,,,,,,,,,,,,,,,,,,,,,,,,,,,,,,,,,,,,,,,,,,,,,,,,,,,,,,,,,,,,,,,,,,,,,,,,,,,,,,,,,,,,,,,,,,,,,,,,,,,,,,,,,,,,,,,,,,,,,,,,,,,,,,,,,,,,,,,,,,,,,,,,,,,
TUR,186,Turkey,index,GDP deflator,,,,,,,,,,,,,,,,,,,,,,,,,,,,,,,,,,,,,,,,,,,,,,,,,,,,,,,,,,,,,,,,,,,,,0.0,0.0,0.0,0.0,0.0,0.0,0.0,0.0,0.1,0.1,0.1,0.1,0.1,0.1,0.1,0.1,0.1,0.2,0.2,0.2,0.2,0.3,0.3,0.3,0.4,0.4,0.5,0.6,0.7,1.0,1.0,1.2,1.6,1.7,1.8,2.2,2.6,2.8,3.2,3.7,4.5,5.3,6.0,7.1,8.5,9.6,10.6,11.5,13.1,14.6,16.1,18.1,21.5,22.4,23.8,25.1,28.3,34.4,37.5,41.5,44.2,46.4,50.8,53.7,57.8,59.8,61.3,62.5,64.1,66.2,69.7,71.3,69.7,72.2,74.6,74.3,74.7,78.6,82.5,82.1,81.2,83.8,87.0,86.0,87.0,96.2,97.5,98.1,98.6,99.7,100.2,101.2,104.8,106.5,108.0,108.2,113.5,115.3,116.0,117.8,121.9,124.8,124.5,125.9,130.1,131.4,132.2,134.6,140.0,140.8,142.5,144.1,149.0,151.8,155.1,155.6,161.2,162.3,165.0,172.6,176.4,179.5,184.9,192.2,199.7,205.8,222.6,225.5,237.9,239.7,246.0,249.2,263.8,269.4,282.7,297.2,320.0,338.3,357.5,414.2,534.8,675.3,759.0,,,,,,,,,,,,,,,,,,,,,,,,,,,,,,,,,,,,,,,,,,,,,,,,,,,,,,,,,,,,,,,,,,,,,,,,,,,,,,,,,,,,,,,,,,,,,,,,,,,,,,,,,,,,,,,,,,,,,,,,,,,,,,,,,,,,,,,,,,,,,,,,,,,,,,,,,,,,,,,,,,,,,,,,,,,,,,,,,,,,,,,,,,,,,,
UGA,746,Uganda,index,GDP deflator,,,,,,,,,,,,,,,,,,,,,,,,,,,,,,,,,,,,,,,,,,,,,,,,,,,,,,,,,,,,,,,,,,,,,,,,,,,,,,,,,,,,,,,,,,,,,,,,,,,,,,,,,,,,,,,,,,,,,,,,,,,,,,,,,,,,,,,,,,,,,,,,,,,,,,,,,49.0,50.8,52.4,55.0,57.5,58.4,61.7,61.6,62.0,61.4,60.0,61.5,65.4,71.4,76.8,78.9,78.5,79.8,81.4,80.3,81.6,83.1,84.0,83.6,84.1,85.7,96.0,89.5,90.9,92.2,90.5,92.2,108.5,92.2,97.2,99.8,101.9,101.4,102.3,100.2,106.4,109.0,105.3,107.4,108.3,109.5,108.3,111.6,112.3,110.1,112.1,113.7,113.5,114.0,114.0,115.7,121.6,124.1,128.7,,,,,,,,,,,,,,,,,,,,,,,,,,,,,,,,,,,,,,,,,,,,,,,,,,,,,,,,,,,,,,,,,,,,,,,,,,,,,,,,,,,,,,,,,,,,,,,,,,,,,,,,,,,,,,,,,,,,,,,,,,,,,,,,,,,,,,,,,,,,,,,,,,,,,,,,,,,,,,,,,,,,,,,,,,,,,,,,,,,,,,,,,,,,,,
UKR,926,Ukraine,index,GDP deflator,,,,,,,,,,,,,,,,,,,,,,,,,,,,,,,,,,,,,,,,,,,,,,,,,,,,,,,,,,,,,,,,,,,,,,,,,,,,,,,,,,,,,,,,,,,,,,,,,,,,,,,,,,,,,,,,,,,,,,,,,,,,,10.2,10.9,10.6,11.7,10.8,11.2,11.1,12.4,11.8,12.2,12.3,13.0,13.3,14.0,14.1,15.2,16.6,17.5,17.2,19.2,19.2,20.3,19.8,21.6,22.7,24.4,24.9,27.3,28.8,32.5,33.0,33.6,35.3,35.7,35.5,38.3,38.9,40.7,41.5,43.6,43.9,47.3,47.7,49.2,48.4,51.2,50.7,52.7,51.0,53.1,52.7,55.0,53.7,59.8,61.6,70.2,75.9,83.6,85.2,94.8,91.6,96.3,98.4,111.4,116.1,116.5,119.4,134.4,133.7,136.5,138.7,152.6,150.6,149.9,149.4,159.6,159.0,158.9,163.0,188.1,193.5,202.3,205.6,234.0,,,,,,,,,,,,,,,,,,,,,,,,,,,,,,,,,,,,,,,,,,,,,,,,,,,,,,,,,,,,,,,,,,,,,,,,,,,,,,,,,,,,,,,,,,,,,,,,,,,,,,,,,,,,,,,,,,,,,,,,,,,,,,,,,,,,,,,,,,,,,,,,,,,,,,,,,,,,,,,,,,,,,,,,,,,,,,,,,,,,,,,,,,,,,,,,,
GBR,112,United Kingdom,index,GDP deflator,8.1,8.3,8.4,8.7,8.8,9.0,9.1,9.3,9.4,9.6,9.8,10.2,10.3,10.2,10.7,11.1,11.3,12.0,12.6,13.3,14.3,15.3,15.9,16.6,17.2,17.7,18.1,18.8,19.5,20.3,20.7,21.3,22.1,22.7,23.0,23.6,24.5,25.0,27.0,28.1,29.5,30.8,32.0,33.4,34.3,34.9,35.5,36.5,37.4,37.7,38.3,39.1,39.8,39.8,40.3,41.0,41.1,42.3,42.6,43.2,43.3,44.4,45.0,45.8,45.9,46.3,46.8,47.4,48.0,48.8,49.6,50.1,50.7,51.6,52.5,53.8,54.8,55.5,56.9,58.1,59.0,60.3,62.1,62.5,63.9,64.7,65.5,66.3,67.0,67.3,67.0,67.7,68.9,68.7,69.4,69.8,70.1,69.9,69.9,71.0,70.9,71.5,72.2,72.9,73.8,75.3,75.9,76.3,75.0,75.0,76.6,75.2,75.9,76.2,76.9,77.4,77.5,77.7,77.5,78.1,78.6,78.6,78.9,78.9,79.5,80.3,80.5,80.4,81.2,81.8,82.1,82.7,83.1,84.0,84.4,84.5,84.8,86.1,86.3,87.7,87.9,88.9,89.2,89.4,90.1,91.4,92.3,92.1,92.4,94.0,94.1,94.0,94.8,96.2,97.6,98.5,98.3,98.5,99.2,98.4,99.7,99.9,100.0,100.4,102.1,101.4,102.3,102.7,103.1,103.5,103.8,104.2,105.2,105.5,106.4,106.4,106.9,106.6,107.8,107.7,107.9,107.5,108.0,108.6,109.3,109.4,110.4,111.0,111.5,111.7,112.0,112.9,113.1,113.7,114.0,114.9,115.0,116.0,116.7,117.7,119.2,128.2,123.4,123.2,124.8,122.3,123.1,124.7,127.2,128.7,130.2,,,,,,,,,,,,,,,,,,,,,,,,,,,,,,,,,,,,,,,,,,,,,,,,,,,,,,,,,,,,,,,,,,,,,,,,,,,,,,,,,,,,,,,,,,,,,,,,,,,,,,,,,,,,,,,,,,,,,,,,,,,,,,,,,,,,,,,,,,,,,,,,,,,,,,,,,,,,,,,,,,,,,,,,,,,,,,,,,,,,,,,,,,,,,,
USA,111,United States,index,GDP deflator,22.1,22.4,22.6,22.9,23.3,23.6,23.8,24.0,24.4,24.5,24.8,25.1,25.4,25.8,26.3,26.8,27.3,27.9,28.8,29.6,30.3,30.7,31.3,31.8,32.1,32.4,32.9,33.5,34.0,34.5,34.9,35.6,36.2,36.9,37.5,38.3,38.9,39.9,40.8,41.5,42.4,43.4,44.4,45.5,46.7,47.7,48.6,49.4,50.1,50.7,51.4,52.0,52.4,52.8,53.3,53.7,54.3,54.7,55.2,55.6,56.2,56.5,56.9,57.2,57.5,57.7,57.9,58.3,58.6,59.0,59.5,60.0,60.4,61.0,61.7,62.3,62.9,63.6,64.1,64.5,65.2,65.9,66.5,67.0,67.7,68.2,68.7,69.1,69.4,69.8,70.1,70.6,71.0,71.4,71.8,72.2,72.6,72.9,73.3,73.7,74.1,74.5,74.9,75.2,75.6,75.9,76.2,76.6,77.0,77.2,77.5,77.8,77.9,78.1,78.4,78.6,78.9,79.2,79.4,79.9,80.4,80.9,81.4,81.8,82.4,82.9,83.2,83.4,83.7,84.0,84.4,84.9,85.3,85.6,86.1,86.6,87.2,87.9,88.5,89.2,89.9,90.6,91.4,92.1,92.8,93.6,94.2,94.6,95.5,96.1,96.6,97.1,97.4,97.9,98.6,98.9,98.8,98.6,98.7,99.1,99.3,99.8,100.1,100.7,101.2,101.9,102.5,102.7,103.3,103.7,104.2,104.8,105.2,105.5,106.0,106.6,107.1,107.7,108.1,108.3,108.3,108.9,109.2,109.2,109.1,109.9,110.2,110.7,111.3,111.7,112.2,113.0,113.7,114.7,115.0,115.6,116.0,116.7,117.0,117.5,117.9,117.5,118.5,119.3,120.8,122.6,124.5,126.6,129.1,132.0,133.4,,,,,,,,,,,,,,,,,,,,,,,,,,,,,,,,,,,,,,,,,,,,,,,,,,,,,,,,,,,,,,,,,,,,,,,,,,,,,,,,,,,,,,,,,,,,,,,,,,,,,,,,,,,,,,,,,,,,,,,,,,,,,,,,,,,,,,,,,,,,,,,,,,,,,,,,,,,,,,,,,,,,,,,,,,,,,,,,,,,,,,,,,,,,,,
URY,298,Uruguay,index,GDP deflator,,,,,,,,,,,,,,,,,,,,,,,,,,,,,,,,,,,,,,,,,,,,,,,,,,,,,,,,,,,,,,,,,,,,,,,,,,,,,,,,,,,,,,,,,,,,,,,,,,,,,,,,,,,,,22.0,23.2,24.0,25.6,25.3,26.3,26.9,28.1,27.2,27.7,27.7,28.6,27.3,28.6,28.9,30.5,30.0,30.1,30.5,30.3,30.7,30.8,36.2,38.4,38.4,38.8,39.3,41.7,42.7,44.0,43.9,43.9,43.3,43.7,44.2,44.5,45.5,46.1,47.1,48.3,50.4,51.3,51.8,51.3,53.2,55.1,55.4,57.2,58.6,59.0,60.1,60.6,60.9,61.9,62.0,65.2,67.0,67.8,68.3,69.5,73.3,72.6,73.2,76.7,77.2,78.8,80.5,83.3,86.5,86.4,86.5,90.5,92.3,93.7,96.2,99.3,100.3,100.3,100.5,99.0,103.7,103.2,106.5,106.6,110.4,111.3,114.6,113.5,118.8,118.4,125.1,125.7,129.6,135.0,137.2,140.1,141.8,147.3,152.8,153.5,151.7,153.8,158.7,,,,,,,,,,,,,,,,,,,,,,,,,,,,,,,,,,,,,,,,,,,,,,,,,,,,,,,,,,,,,,,,,,,,,,,,,,,,,,,,,,,,,,,,,,,,,,,,,,,,,,,,,,,,,,,,,,,,,,,,,,,,,,,,,,,,,,,,,,,,,,,,,,,,,,,,,,,,,,,,,,,,,,,,,,,,,,,,,,,,,,,,,,,,,,
VNM,582,Vietnam,index,GDP deflator,,,,,,,,,,,,,,,,,,,,,,,,,,,,,,,,,,,,,,,,,,,,,,,,,,,,,,,,,,,,,,,,,,,,,,,,,,,,,,,,,,,,,,,,,,,,,,,,,,,,,,,,,,,,,,,,,,,,,,,,,,,,,,,,,,,,,,,,,,,,,,,,,,,,,,,,,73.2,85.2,88.3,86.6,87.2,92.6,90.9,86.7,100.0,100.0,100.0,100.0,116.0,124.1,123.1,122.3,133.3,135.1,129.5,132.0,137.1,139.8,138.4,136.0,143.7,145.4,144.0,138.6,142.2,142.6,141.5,135.8,143.1,144.2,144.9,140.0,149.1,149.2,149.5,149.0,154.1,155.0,155.1,154.3,157.5,158.4,158.7,158.8,160.2,160.7,160.8,161.0,163.7,164.7,165.9,166.2,168.4,171.1,172.7,,,,,,,,,,,,,,,,,,,,,,,,,,,,,,,,,,,,,,,,,,,,,,,,,,,,,,,,,,,,,,,,,,,,,,,,,,,,,,,,,,,,,,,,,,,,,,,,,,,,,,,,,,,,,,,,,,,,,,,,,,,,,,,,,,,,,,,,,,,,,,,,,,,,,,,,,,,,,,,,,,,,,,,,,,,,,,,,,,,,,,,,,,,,,,
ZMB,754,Zambia,index,GDP deflator,,,,,,,,,,,,,,,,,,,,,,,,,,,,,,,,,,,,,,,,,,,,,,,,,,,,,,,,,,,,,,,,,,,,,,,,,,,,,,,,,,,,,,,,,,,,,,,,,,,,,,,,,,,,,,,,,,,,,,,,,,,,,,,,,,,,,,,,,,,,,,,,,,,,,,,,,,,,,,,,,,,,,,,,,,,,,,,,,,,,,131.3,141.7,151.1,161.1,154.0,162.1,173.1,176.0,169.9,178.2,179.1,204.4,186.2,195.9,206.2,218.6,209.6,212.4,213.4,212.6,220.3,235.1,256.3,253.7,260.4,342.9,326.9,301.4,323.5,,,,,,,,,,,,,,,,,,,,,,,,,,,,,,,,,,,,,,,,,,,,,,,,,,,,,,,,,,,,,,,,,,,,,,,,,,,,,,,,,,,,,,,,,,,,,,,,,,,,,,,,,,,,,,,,,,,,,,,,,,,,,,,,,,,,,,,,,,,,,,,,,,,,,,,,,,,,,,,,,,,,,,,,,,,,,,,,,,,,,,,,,,,,,,,,
